name,ja,zh
availableInform.title,アイテム有効期限のお知らせ,아이템 유효기간의 소식
availableInform.description,アイテムの有効期限が                 となっております\n有効期限が過ぎますと\n%{contentName}の\n使用ができなくなります,아이템의 유효기간이                 되고 있습니다\n유효기간이 지나면\n%{contentName}의\n사용을 할 수 없게 됩니다
availableInform.remainTime,"あと%{remainTime}","앞으로 %{remainTime}"
achievementRewardDialog.message,以下のアイテムがプレゼントBOXに送られました,이하의 아이템이 선물 BOX에 보내졌습니다
achievementRewardDialog.rewardNameNum,%{name} x %{num},
beginnerMission.headerTitle,初心者ミッション,초심자 미션
beginnerMission.detailPopTitle,初心者ミッション詳細,초심자 미션 상세
beginnerMission.receivePopTitle,初心者ミッション達成,초심자 미션 달성
downLoad.confirmTitle,データダウンロード,데이터 다운로드
downLoad.confirmComment,ゲームデータを一括でダウンロードし、端末に保存しますゲーム中の読み込み時間が減るため、より快適にプレイすることができます最大約 %{gb} GB のデバイスの空き容量が必要となります,게임 데이터를 일괄로 다운로드해、단말에 저장합니다 게임중의 read 시간이 줄어들기 때문에、보다 쾌적하게 플레이 할 수가 있습니다 최대 약%{gb} GB의 디바이스의 빈 용량이 필요합니다
downLoad.persistMessageMobile,データダウンロードを開始するためには\nアイドルマスターシャイニーカラーズのURL(shinycolors.enza.fun)を\nホーム画面に追加、またはブックマークする必要があります,데이터 다운로드를 개시하기 위해서는\n아이돌마스터 샤이니컬러즈의 URL(shinycolors.enza.fun)을\n홈 화면에 추가、또는 북마크할 필요가 있습니다
downLoad.persistMessagePc,データダウンロードを開始するためには\nアイドルマスターシャイニーカラーズのURL(shinycolors.enza.fun)を\nブックマークする必要があります,데이터 다운로드를 개시하기 위해서는\n아이돌마스터 샤이니컬러즈의 URL(shinycolors.enza.fun)을\n북마크할 필요가 있습니다
downLoad.deleteTitle,ダウンロードデータ削除,다운로드 데이터 삭제
downLoad.deletingComment,データを削除中です\n,데이터를 삭제중입니다\n
downLoad.deletedComment,データ削除が完了しました\n,데이터 삭제가 완료되었습니다\n
downLoad.completeMessage,ダウンロードが完了しました,다운로드가 완료되었습니다
comic.categories.web,WEB４コマ,WEB4컷만화
comic.categories.special,特別編,특별편
comic.categories.limited,限定４コマ,한정4컷
comic.otherUnitName,[その他],[그 외]
comic.storyNumberText,第%{chapter}話,제%{chapter}화
comic.filterTitle,４コマ漫画検索,4컷만화 검색
comic.notFound,条件に合うものが見つかりません,조건에 맞는 것이 발견되지 않았습니다
comic.paginationLabel,%{currentPage} / %{maxPage},
comic.openAt,%{openAt}更新,%{openAt}갱신
comic.charactersDialogTitle,登場人物一覧,등장 인물 일람
splash.message,■ご注意■\nこのゲームは無料で遊ぶことができますが、\n一部有料のコンテンツがあります。\n\n■未成年の方へ■\n未成年の方が有料コンテンツを購入する場合は、 \n必ず法定代理人（ご両親等）の同意を得てから\n購入してください。\n※ないようがわからないときは\nおうちのひとにがめんをみせてください\n,■주의■\n이 게임은 무료로 즐길수 있습니다만、\n일부 유료의 컨텐츠가 있습니다. \n\n■미성년자에게■\n미성년자가 유료 컨텐츠를 구입하는 경우、\n 반드시 법정 대리인(부모님 등) 의 동의를 얻고 나서\n구입해 주세요. \n※내용이 이해가 안되는 경우에는\n다른 분에게 화면을 보여주세요\n
announce.event,イベント,이벤트
announce.campaign,キャンペーン,캠페인
announce.gasha,ガシャ,가챠
announce.update,アップデート,업데이트
announce.maintenance,メンテナンス,유지보수
announce.problem,不具合,결함
announce.ticket,チケット,티켓
businessSlotExpansion,追加営業枠,추가 영업범위
bnCoin,バナコイン,바나코인
characterAlbum.tab.voice,ボイス,음성
characterAlbum.tab.costume,衣装,의상
characterAlbum.tab.commu,共通コミュ,공통 커뮤
characterAlbum.tab.pIdol,アイドル,아이돌
characterAlbum.tab.sIdol,アイドル,아이돌
characterAlbum.tab.profile,プロフィール,프로필
characterAlbum.menu.itemCountLabel.released,解放数,해방수
characterAlbum.menu.itemCountLabel.possession,所持数,소지수
characterAlbum.commu.albumType.wing,W.I.N.G.編,W.I.N.G.편
characterAlbum.commu.albumType.fan_meeting,283プロダクション ファン感謝祭編,283프로덕션 팬 감사제편
characterAlbum.commu.albumType.common,共通,공통
characterAlbum.voiceDetailPop.title,ボイス詳細,음성 상세
characterAlbum.voiceDetailPop.useItem.title,%{itemName}を使ってボイスを解放できます,%{itemName}를 사용해 음성을 해방할 수 있습니다
characterAlbum.voiceDetailPop.notice,%{itemName}での解放は%{date}より可能です,%{itemName}로 해방은%{date}후에 가능합니다
common.day,%{day}日,%{day}일
common.hour,%{hour}時間,%{hour}시간
common.min,%{min}分,%{min}분
common.sec,%{sec}秒,%{sec}초
common.title,称号,칭호
common.login,ログイン,로그인
common.item,アイテム,아이템
common.exSkill,Exスキル,Ex스킬
common.people,%{num}人,%{num}명
common.sheet,%{num}枚,%{num}매
common.expireDatetimeString,mm/dd HH:MMまで,mm/dd HH:MM까지
common.plusMessage,+%{name},
common.pIdol,プロデュースアイドル,프로듀스 아이돌
common.sIdol,サポートアイドル,서포트 아이돌
common.quantityMessage,x%{quantity},
common.quantityMessageWithName,%{name} x%{quantity},
common.remainingTimeMessage,"あと %{min}:%{sec}","앞으로 %{min}:%{sec}"
common.lv,Lv.%{level},
common.staff,はづき,하즈키
common.horizontalEllipsis,...,
common.selectPaymentMethodTitle,決済方法選択,결제방법 선택
common.exchangeItemForAlbum,アルバムの鍵,앨범의 열쇠
common.gaugeNumberMessage,%{progress}/%{progressMax},
common.leftBracket,【,
common.rightBracket,】,
common.bulletPoint,・,
common.useItemToReleaseSomething,%{itemName}を使用して%{releasedThingName}を解放しました,%{itemName}를 사용해%{releasedThingName}(을)를 해방했습니다
common.commu,コミュ,커뮤
common.voice,ボイス,음성
common.nicknameChangedForRanking.title,ご案内,안내
common.nicknameChangedForRanking.message,ランキング上の表示は次回集計時に反映されます,랭킹상의 표시는 다음번 집계시에 반영됩니다
commonMenu.bannerListTitle,キャンペーン一覧,캠페인 일람
commonMenu.fesIdolLimit.title,フェスアイドル所属上限,페스아이돌 소속 상한
commonMenu.fesIdolLimit.text,これ以上フェスアイドルを所属させられません\nフェスアイドル詳細画面から移籍を行ってください,더 이상 페스아이돌을 소속할 수 없습니다\n페스아이돌 상세 화면에서 이적을 실시해 주세요
commonMenu.produceRetire.title,プロデュース終了,프로듀스 종료
commonMenu.produceRetire.comment1,プロデュース中のデータは失われます\n消費したスタミナと\nプロデュースアイテムは返却されません,프로듀스중인 데이터는 없어집니다 \n소비한 스태미너와 \n프로듀스 아이템은 반환되지 않습니다
commonMenu.produceRetire.comment2,進行中のプロデュースを終了して\n新たなアイドルをプロデュースします,진행중인 프로듀스를 종료해\n새로운 아이돌을 프로듀스합니다
commonMenu.produceResume.title,プロデュース再開,프로듀스 재개
commonMenu.menuPop.title,メニュー,메뉴
commonMenu.backToTitleConfirm.title,タイトルへ戻る,타이틀에 돌아온다
commonMenu.backToTitleConfirm.text,タイトルへ戻ります。\nよろしいですか？,타이틀에 돌아옵니다. \n좋습니까?
commonMenu.dataLinkPop.title,機種変更・データ連携,기종 변경·데이터 연계
commonMenu.dataLinkConfirmPop.title,データ連携確認,데이터 연계 확인
commonMenu.loginPop.title,ログイン,로그인
commonMenu.loginConfirm.title,ログイン確認,로그인 확인
concert.judgeDetailDialog.titles.judge,%{attribute}審査員,%{attribute}심사원
concert.judgeDetailDialog.titles.instructor,%{attribute}コーチ,%{attribute}코치
concert.judgeDetailDialog.titles.fan,%{attribute}重視の観客,%{attribute}중시의 관객
concert.playerIdol.retire,Retire,
concert.produceIdolComment,私の歌、届け！,나의 노래、닿아라!
concert.pauseDialog.produceSkill,プロデュースアイドル所持スキル,프로듀스 아이돌 소지 스킬
concert.pauseDialog.supportSkill,サポートアイドル所持スキル,서포트 아이돌 소지 스킬
concert.passiveSkillDetailListDialog.title,発動中のパッシブスキル,발동중의 패시브 스킬
concert.passiveSkillDetailListDialog.emptyMessage,効果情報はありません,효과 정보는 없습니다
concert.statusEffect.leftTurn,残り%{leftTurn}ターン,나머지%{leftTurn}턴
concert.statusEffect.remainTimes,残り%{remainTimes}回,나머지%{remainTimes}회
concert.statusEffect.noStatusEffectMessage,効果情報はありません,효과 정보는 없습니다
concertResult.entryNumber,エントリーNo.%{number},엔트리 No.%{number}
concertResult.statusUp.message,+%{upPoint},
copyright.title,コピーライト,CopyRight
copyright.holders.bne.title,権利表記,권리 표기
copyright.holders.bne.message,© 2018 BANDAI NAMCO Entertainment Inc.,© 2018 BANDAI NAMCO Entertainment Inc.
countdown.season,シーズン%{seasonNum}終了まで,제%{seasonNum}종료까지
deck.autoSelectDialog.title,おまかせ編成,자동 편성
deck.autoSelectDialog.noUserIdol,おまかせ編成を使用するには\nプロデュースアイドルを設定してください,자동 편성을 사용하려면 \n프로듀스 아이돌을 설정해 주세요
deck.autoSelectDialog.description,設定中のプロデュースアイドルによって編成内容を判別します\n編成の方針を選択してください,설정중인 프로듀스 아이돌에 의해 편성 내용을 판별합니다 \n편성의 방침을 선택해 주세요
deck.autoSelectSuccessDialog.title,おまかせ編成,자동 편성
deck.autoSelectSuccessDialog.advice1.beforeType,今回のユニットは,이번 유닛은
deck.autoSelectSuccessDialog.advice1.afterType,が得意なメンバーで,하지만 자신있는 멤버로
deck.autoSelectSuccessDialog.advice1.nextLine,編成されています！,편성되고 있습니다!
deck.autoSelectSuccessDialog.advice2.beforeType,プロデュース中は,프로듀스중은
deck.autoSelectSuccessDialog.advice2.afterType,を重点的に,를 중점적으로
deck.autoSelectSuccessDialog.advice2.nextLine,レッスンするといいですよ♪,레슨 하면 좋아요♪
deck.autoSelectSuccessDialog.description,サポートアイドルを%{type}編成で設定しました,서포트 아이돌을%{type}편성으로 설정했습니다
deck.deckNumber,ユニット%{deckNumber},유닛%{deckNumber}
deck.memberShortageNotice,アイドルがセットされていないのでスタートできません,아이돌이 세트되어 있지 않기\n때문에 스타트 할 수 없습니다
deck.swapCharacterWarning,ユニット内の同一のアイドルが外れてしまいますが本当によろしいですか？,유닛 내의 동일한 아이돌이\n빠지게 됩니다만 정말로 좋습니까?
deck.title.confirm,確認,확인
deck.title.deckModify,ユニット名編集,유닛명 편집
deck.title.orderSelectPop,並べ替え変更,정렬하고 변경
deck.title.staminaRecoverPop,スタミナ回復,스태미너 회복
deck.title.startProducePop,使用確認,사용 확인
deck.title.useCoinPop,使用確認,사용 확인
deck.title.supportSkillListPop,サポートスキルボーナス一覧,서포트 스킬 보너스 일람
emSpace,　,
ending.headerTitle.endingCEOReport,社長からの評価,사장으로부터의 평가
ending.headerTitle.fesIdolBirth,フェスアイドル誕生,페스아이돌 탄생
ending.fesIdolCheckPop.title,フェスアイドル確認,페스아이돌 확인
ending.fesIdolCheckPop.comment,フェスアイドルの誕生を行います。よろしいですか？,　페스아이돌의 탄생을 실시합니다. \n좋습니까?
ending.fesIdolCheckPop.warning,残りの所持SPは失われます。,나머지 소지 SP는 없어집니다.
ending.fesIdolRewardPop.title,プロデュースクリア報酬,프로듀스 클리어 보수
ending.fesIdolRewardPop.comment,下記アイテムを入手しました,아래와 같이 아이템을 입수했습니다
ending.fesIdolRewardPop.maxMessage,所持枠を超えているものはプレゼントボックスに送られました,      소지범위를 넘고 있는 것은 선물 박스에 보내졌습니다
ending.fesIdolRewardPop.itemNameNum,%{type} ×%{num},
ending.presidentComment,ご苦労だったな次回も頑張ってもらうぞ！期待しているからな,수고했구나\n다음번도 힘내라구!\n기대하고 있으니까
ending.totalFan.idolName,【%{name}】累計ファン人数,【%{name}】누계 팬 인원수
ending.reward.multipleNum,×%{num},
ending.possessionCountOverExSkillRewardPop.title,所持上限に達しています,소지 상한에 이르고 있습니다
ending.possessionCountOverExSkillRewardPop.exSkillName,%{idolType}【%{idolName}専用】\n%{skillName},%{idolType}【%{idolName}전용】\n%{skillName}
ending.possessionCountOverExSkillRewardPop.idolType.produce,プロデュース,프로듀스
ending.possessionCountOverExSkillRewardPop.idolType.support,サポート,서포트
error.pageNotFound,Page Not Found\n指定されたページは見つかりませんでした。,Page Not Found\n지정된 페이지는 발견되지 않았습니다.
errorDialog.announceTitle,ご案内,안내
errorDialog.errorTitle,エラー,에러
errorDialog.confirmTitle,確認,확인
errorDialog.updateNativeAppVersionTitle,最新バージョン確認,최신 버젼 확인
errorDialog.fesResumeTitle,フェス再開,페스 재개
errorDialog.updateVersion,バージョンが更新されました。,버전이 갱신되었습니다.
errorDialog.updateNativeAppVersion,アプリのバージョンアップが必要です。\nストアから最新バージョンを\nダウンロードしてください。,앱의 버전 업이 필요합니다. \n스토어로부터 최신 버젼을\n다운로드해 주세요.
errorDialog.invalidSession,セッション更新の必要があります。\n\n何度も発生する場合は\nゲーム内の「お知らせ」→「お問い合わせ」より\nお問い合わせください。\n\nお問い合わせID: %{requestId}\nエラーコード: %{errorCode},세션 갱신의 필요가 있습니다. \n\n몇번이나 발생하는 경우는\n게임내의 「소식」→「문의」에서 \n문의해 주세요. \n\n문의 ID: %{requestId}\n에러 코드: %{errorCode}
errorDialog.produceDuplicate,進行中のプロデュースがあるので\n開始できませんでした。\n一度プロデュースを終了してから始めてください。,진행중인 프로듀스가 있으므로\n개시할 수 없었습니다. \n한 번 프로듀스를 끝내고 나서 시작해 주세요.
errorDialog.fesSeason,フェスのシーズンが切り替わりました。,페스의 시즌이 바뀌었습니다。
errorDialog.fesMatchRivalsError,進行していたフェスはすでに終了しました。\n再開することができませんでした。,진행되고 있던 페스는 벌써 종료됐습니다. \n재개할 수가 없었습니다.
errorDialog.forbidden,アクセスは許可されていません。,액세스는 허가되고 있지 않습니다.
errorDialog.fullDownloadErrorForNative,リソースの読み込みに失敗しました。\nネットワーク環境をご確認ください。,자원의 read에 실패했습니다. \n네트워크 환경을 확인해 주세요.
errorDialog.simpleOther,エラーが発生しました。\n\n何度も発生する場合は\nゲーム内の「お知らせ」→「お問い合わせ」より\nお問い合わせください。,에러가 발생했습니다. \n\n몇번이나 발생하는 경우는\n게임내의 「소식」→「문의」에서\n문의해 주세요.
errorDialog.other,エラーが発生しました。\n\n何度も発生する場合は\nゲーム内の「お知らせ」→「お問い合わせ」より\nお問い合わせください。\n\nお問い合わせID: %{requestId}\nエラーコード: %{errorCode},에러가 발생했습니다. \n\n 몇번이나 발생하는 경우는\n게임내의 「소식」→「문의」에서\n문의해 주세요. \n\n문의 ID: %{requestId}\n에러 코드: %{errorCode}
errorDialog.timeout,通信中にエラーが発生しました。\n時間をおいてもう一度お試しください。,통신중에 에러가 발생했습니다. \n시간을 두고 다시 시도해 주세요.
errorDialog.resourceDownloadError,通信中にエラーが発生しました。\nネットワーク環境をご確認の上\nもう一度お試しください。,통신중에 에러가 발생했습니다. \n네트워크 환경을 확인하신 후\n 다시 시도해 주세요.
errorDialog.unavailableGasha,ガシャのラインナップが更新されました。,가챠의 라인 업이 갱신되었습니다.
errorDialog.resourceLoadFailed,リソースの読み込みに失敗しました。\nページの再読み込みをお試しください。,자원의 read에 실패했습니다. \n페이지 갱신을 다시 시도해 주세요.
errorDialog.sdkLoginLoadFailed,認証に失敗しました。\n通信環境をご確認の上、ページの再読み込みをお試しください。\n何度も発生する場合はブラウザキャッシュクリアをお試しください。\n\nゲストメンバーの方はデータ消失の恐れがあります。\nenza にメンバー登録する事で中断データの復帰が可能になります。\nenza メンバー登録の上、キャッシュクリアをお試しください。\n,인증에 실패했습니다. \n통신 환경을 확인하신 후、페이지의 갱신을 시도해 주세요. \n몇번이나 발생하는 경우는 브라우저 캐쉬 클리어를 시도해 주세요. \n\n게스트 멤버는 데이터 소실의 우려가 있습니다. \nenza 멤버에 등록하여 중단 데이터의 복구가 가능하게 됩니다. \nenza멤버 등록 후、캐쉬 클리어를 시도해 주세요. \n
errorDialog.sdkLoginLoadFailedApp,認証に失敗しました。\n通信環境をご確認の上、再読み込みをお試しください。\n何度も発生する場合は時間をおいてお試しください。\n,인증에 실패했습니다. \n통신 환경을 확인하신 후、갱신을 시도해 주세요. \n몇번이나 발생하는 경우는 시간을 두고 시도해 주세요.\n
errorDialog.unsubscribedApp,退会済みのアカウントが検出されました。\nアプリケーションの再インストールをお試しください。,탈퇴한 계정이 검출되었습니다. \n어플리케이션의 재인스톨을 시도해 주세요.
errorDialog.unsubscribed,退会済みのアカウントが検出されました。\nタイトルへ戻ります。\n何度も発生する場合は\nクッキーの削除をお試しください。,탈퇴한 계정이 검출되었습니다. \n타이틀에 돌아옵니다. \n몇번이나 발생하는 경우는\n쿠키 삭제를 시도해 주세요.
errorDialog.accountFreezeShort,調査の為、一時的にご利用を制限しております。\n対応が完了次第制限解除いたしますので\nしばらくお待ち下さい。\nお客様にはご迷惑をお掛けいたしますが\nご協力をお願いいたします。,조사를 위해서、 일시적으로 이용을 제한하고 있습니다. \n대응이 완료되는 대로 제한 해제하므로\n당분간 기다려 주세요. \n손님에게는 폐를 걸겠습니다만\n협력을 부탁 드리겠습니다.
errorDialog.earthPaymentFailure,プラットフォームの決済処理が\n正常に行われませんでした。\n再度時間をおいてお試しください。\n\n何度も発生する場合は\nゲーム内の「お知らせ」→「お問い合わせ」より\nお問い合わせください。\n\nお問い合わせID: %{requestId}\nエラーコード: %{errorCode},플랫폼의 결제 처리가\n 정상적으로 행해지지 않았습니다. \n재차 시간을 두고 시도해 주세요. \n\n몇번이나 발생하는 경우는\n게임내의 「소식」→「문의」에서 \n문의해 주세요. \n\n문의 ID: %{requestId}\n에러 코드: %{errorCode}
errorDialog.earthPaymentFailureFatal,プラットフォームの決済処理が\n正常に行われませんでした。ゲーム内の「お知らせ」→「お問い合わせ」より\nお問い合わせください。\n\nお問い合わせID: %{requestId}\nエラーコード: %{errorCode},플랫폼의 결제 처리가\n 정상적으로 행해지지 않았습니다. 게임내의 「소식」→「문의」에서\n문의해 주세요. \n\n문의 ID: %{requestId}\n에러 코드: %{errorCode}
errorDialog.sceneMaintenance,本機能は、一時的にご利用を制限しております。\n対応が完了次第制限解除いたしますので\nしばらくお待ち下さい。\nお客様にはご迷惑をお掛けいたしますが\nご協力をお願いいたします。,본 기능은、일시적으로 이용을 제한하고 있습니다. \n대응이 완료되는 대로 제한해제하므로\n당분간 기다려 주세요. \n손님에게는 폐를 걸겠습니다만\n협력을 부탁 드리겠습니다.
errorDialog.playMovie,動画再生に失敗しました。,동영상 재생에 실패했습니다.
errorDialog.businessIsNotFinished,営業が完了していません。\n少し時間を置いてから再度完了してください。,영업이 완료되고 있지 않습니다. \n 조금 시간을 두고 나서 재차 완료해 주세요.
errorDialog.purchaseErrorTitle,購入エラー,구입 에러
errorDialog.purchaseError,ご購入の処理中に\nエラーが発生したため、ご購入が\n正しく終了されませんでした。,구입의 처리중에\n에러가 발생했기 때문에、구입이\n올바르게 종료되지 않았습니다.
errorDialog.purchaseDeferredTitle,制限,제한
errorDialog.purchaseDeferred,ご購入が制限されております。\n制限が解除されるまでご購入はできません。,구입이 제한되고 있습니다. \n제한이 해제될 때까지 구입은 할 수 없습니다.
errorDialog.purchaseRestoreTitle,購入エラー,구입 에러
errorDialog.purchaseRestore,購入処理を完了できませんでした。\nしばらくしてからもう一度お試しください。\n購入のリトライをしますか？,구입 처리를 완료할 수 없었습니다. \n잠시 후 한번 더 시도해 주세요. \n구입의 재시도를 합니까?
errorDialog.note.noSettlementProcess,※再読み込みしてもバナコイン、フェザージュエル\n決済処理が多重に行われることはありません。,※재갱신중에 혼잡하더라도 바나코인 및 패더 쥬엘\n결제 처리가 다중으로 행해지는 일은 없습니다.
errorDialog.contextLost.appText,画像の読み込みに失敗しました。\n再読み込みボタンを押して再読み込みしてください。\n改善されない場合には\nアプリの再起動をお試しください。,그림의 read에 실패했습니다. \n갱신 버튼을 눌러 다시 갱신해 주세요. \n개선되지 않는 경우에는\n앱의 재기동을 시도해 주세요.
errorDialog.contextLost.browserText,画像の読み込みに失敗しました。\n再読み込みボタンを押して再読み込みしてください。\n改善されない場合には\nブラウザの再起動をお試しください。,그림의 read에 실패했습니다. \n갱신 버튼을 눌러 다시 갱신해 주세요. \n개선되지 않는 경우에는\n브라우저의 재기동을 시도해 주세요.
errorDialog.contextLost.buttonText,再読み込み,갱신
evolutionItem,特訓はづきさん,특훈 하즈키씨
exchangeItem.costumeTicket.original,衣装交換チケット,의상 교환 티켓
exchangeItem.costumeTicket.simple,チケット,티켓
exchangeItem.communicationRelease.original,アルバムの鍵,앨범의 열쇠
exchangeItem.businessMotivationItem.original,差し入れアイテム,반입 아이템
exchangeItem.businessMotivationItem.simple,差し入れアイテム,반입 아이템
gameEventPoint,イベントpt,이벤트 pt
idolPortal.staffComment1,あ、プロデューサーさん、アイドル達に会いに来てくれたんですね,아、프로듀서씨、아이돌들을 만나러 와 준 것이군요
idolPortal.staffComment2,みんながプロデューサーさんを待っていますよ～,모두가 프로듀서씨를 기다리고 있어요~
idolPortal.staffComment3,アイドルの育成はプロデューサーさんの大切なお仕事ですからね～,아이돌의 육성은 프로듀서씨의 중요한 일이니까요~
idolPortal.staffComment4,トレーニングでアイドルを成長させましょう,트레이닝으로 아이돌을 성장시킵시다
idolPortal.staffComment5,特訓でアイドル達の力をさらに引き出してあげましょう,특훈으로 아이돌들의 힘을 한층 더 꺼내 줍시다
idolPortal.staffComment6,プロデューサーさんの現在の担当アイドルはこちらで確認できます,프로듀서씨의 현재의 담당 아이돌은 이쪽에서 확인할 수 있습니다
jewelDetailDialog.title,所持フェザージュエル確認,소지 패더 쥬엘 확인
evolution.skillListTitle,解放されるスキル,해방되는 스킬
evolution.confirm.title,特訓確認,특훈 확인
evolution.confirm.comment,選択した対象を消費して、特訓をします。\nよろしいですか？,선택한 대상을 소비해、특훈을 합니다. \n괜찮습니까?
evolution.complete.title,特訓結果,특훈 결과
evolution.complete.comment,特訓が完了しました！,특훈이 완료되었습니다!
evolution.costumeRelease.first,最大まで特訓したことによって\n,최대까지 특훈한 것에 의해\n
evolution.costumeRelease.second,の衣装に\n変更可能になりました！,의 의상이\n변경 가능하게 되었습니다!
fes.top.title,フェス,페스
fes.top.scoreTitle,現在のスコア,현재의 스코어
fes.top.rankingTitle,グレード内順位/,그레이드 내 순위/
fes.top.score,%{value}pt,%{value}pt
fes.top.ranking,%{value}位,%{value}위
fes.top.rankingInCalculation,集計中,집계중
fes.top.gradeTotalUserNum,%{value}人中,%{value}명중
fes.top.gradeEvaluationLimit,グレード判定期間  %{mounth}/%{date} %{hour}:%{minute}まで,그레이드 판정 기간 %{mounth}/%{date} %{hour}:%{minute}까지
fes.top.gradeProcessing,グレード集計期間  %{mounth}/%{date} %{hour}:%{minute}まで,그레이드 집계 기간 %{mounth}/%{date} %{hour}:%{minute}까지
fes.difficultySelect.rehearsalMessage,フェスリハーサルの難易度を選択してください,페스 리허설의 난이도를 선택해 주세요
fes.difficultySelect.gradeMatchMessage,グレードフェスの難易度を選択してください,그레이드 페스의 난이도를 선택해 주세요
fes.deck.memoryBonus,x%{value},
fes.ready.title,参加ユニット,참가 유닛
fes.ready.description,テンション決定後は前の画面には戻れません\nフェス参加権を%{consumedFesTicket}消費します,텐션 결정 후 전의 화면에는 돌아올 수 없습니다\n페스 참가권을 %{consumedFesTicket} 소비합니다
fes.resumeDialog.title,フェス再開,페스 재개
fes.resumeDialog.text,進行中のフェスがあります。\nフェスを再開しますか？,진행중인 페스가 있습니다. \n페스를 재개합니까?
fes.terminateDialog.title,フェス終了,페스 종료
fes.terminateDialog.text,進行中のフェスを終了します。,진행중인 페스를 종료합니다.
fes.terminateDialog.textWarning,フェス参加権は返却されません,페스 참가권은 반환되지 않습니다
fes.fesDeck.title,フェスユニット編成,페스유닛 편성
fes.fesDeck.invalidFesDeckNotice.title,確認,확인
fes.fesDeck.invalidFesDeckNotice.message,フェスユニットに空きがあるため\n編成を終了できません,페스유닛에 빈 곳이 있기 때문에\n편성을 종료할 수 없습니다
fes.fesDeckView.title,確認,확인
fes.fesDeckView.message,このアイドルは既に移籍済みのため\n詳細を確認できませんでした,이 아이돌은 이미 이적이 끝나서\n상세정보를 확인할 수 없었습니다
fes.fesIdolSelect.title,%{positionName}選択,%{positionName}선택
fes.fesIdolSelect.confirmationTitle,%{positionName}入替,%{positionName}교체
fes.skillChange.description,ライブスキルを\n2つ選択してください,라이브 스킬을\n2개 선택해 주세요
fes.fesPositionName.vocal,ボーカル,Vocal
fes.fesPositionName.dance,ダンス,Dance
fes.fesPositionName.visual,ビジュアル,Visual
fes.fesPositionName.leader,リーダー,Leader
fes.fesPositionName.center,センター,Center
fes.pauseSkillTitle.vocal,ボーカル担当,Vocal담당
fes.pauseSkillTitle.dance,ダンス担当,Dance담당
fes.pauseSkillTitle.visual,ビジュアル担当,Visual담당
fes.pauseSkillTitle.leader,リーダー,Leader
fes.pauseSkillTitle.center,センター,Center
fes.orderText,%{order}位,%{order}위
fes.result.changedSeasonMessage,グレードフェスのシーズンが切り替わったため、\n今回のスコアはグレードに反映されません。,그레이드페스의 시즌이 바뀌었기 때문에、\n 이번 스코어는 그레이드에 반영되지 않습니다.
fes.result.match.title,LV%{level} グレードフェス,LV%{level} 그레이드페스
fes.result.match.bonusTitle,ボーナス,보너스
fes.result.rehearsal.title,フェスリハーサル,페스리허설
fes.result.rehearsal.bonusTitle,難易度,난이도
fes.result.ranking,%{value}位,%{value}위
fes.result.outOfRanking,ランキング範囲外,랭킹 범위 외
fes.result.scoreDetail.title,スコア詳細,스코어 상세
fes.result.scoreDetail.item,項目,항목
fes.result.scoreDetail.point,ポイント,포인트
fes.result.scoreDetail.pointValue,%{value} pt,
fes.result.scoreDetail.order,順位評価 %{order}位,순위 평가 %{order}위
fes.result.scoreDetail.star,スター獲得数×%{star},스타 획득수×%{star}
fes.result.scoreDetail.totalScore,ポイント合計,포인트 합계
fes.result.scoreDetail.bonus,ボーナス倍率,보너스 배율
fes.result.scoreDetail.bonusValue,×%{value},×%{value}
fes.result.scoreDetail.totalBonus,ボーナス合計,보너스 합계
fes.result.scoreDetail.finalScore,総合スコア,종합 스코어
fes.fesGradeEvaluationReward.title,報酬内容,보상 내용
fes.fesGradeEvaluationReward.message,以下のアイテムがプレゼントに送られました,이하의 아이템이 선물로 보내졌습니다
fes.fesGradeEvaluationReward.itemNameNum,%{type} ×%{num},
fes.fesGradeEvaluationReward.comment.newRecord,初めてのグレードLv%{gradeId}到達、おめでとうございますミッション報酬も忘れずに受け取ってくださいね♪,처음의 그레이드 Lv%{gradeId}도달、축하합니다 미션 보수도 잊지 않고 받아 주세요♪
fes.fesGradeEvaluationReward.comment.gradeUp,グレードアップですプロデューサーさん、良い調子ですね♪,그레이드 업입니다 프로듀서씨、좋은 상태군요♪
fes.fesGradeEvaluationReward.comment.gradeKeep,グレードキープです、今回も頑張りましょう私も応援していますね♪,그레이드 킵입니다、이번에는 노력합시다 나도 응원하고 있네요♪
fes.fesGradeEvaluationReward.comment.gradeDown,今回はLv%{gradeId}のグレードになります引き続き、グレードアップを目指していきましょうね,이번에는 Lv%{gradeId}의 그레이드가 됩니다 계속해서、그레이드 업을 목표로 해 가요
fes.ranking.score,%{score}pt,%{score}pt
fes.ranking.emptyNotice,現在ランキング集計中です,현재 랭킹 집계중입니다
fes.ranking.updateIntervalWarning,※最新のランキング反映までに時間がかかる場合があります,※최신의 랭킹 반영까지 시간이 걸리는 경우가 있습니다
fes.fesGradeRewardPop.title,グレードフェス報酬,그레이드 페스 보상
fes.fesGradeRewardPop.gradeReward.title,所属グレード報酬について,소속 그레이드 보상에 대해
fes.fesGradeRewardPop.gradeReward.description,所属グレードは基本的に「フェス流行の更新」と同じタイミングで更新されます。グレード更新後、フェス画面にて所属グレード報酬がプレゼントに送られます。最新の所属グレード以外の報酬は受け取ることができませんので、ご注意ください。,소속 그레이드는 기본적으로 「페스 유행의 갱신」과 같은 타이밍에 갱신됩니다. \n그레이드 갱신 후、페스 화면에서 소속 그레이드 보상이 선물로 보내집니다. \n최신의 소속 그레이드 이외의 보상은 받을 수가 없기 때문에、주의해 주세요.
fes.fesGradeRewardPop.gradeReward.colTitle1,所属グレード,소속 그레이드
fes.fesGradeRewardPop.gradeReward.colTitle2,報酬内容,보상 내용
fes.fesGradeRewardPop.missionReward.title,初回昇格報酬について,첫회 승격 보상에 대해
fes.fesGradeRewardPop.missionReward.description,初めてLv.2以上の各グレードに昇格した際、特別な報酬を入手できます。報酬は「ミッション」からお受け取りください。,처음으로 Lv. 2이상의 각 그레이드에 승격했을 때、특별한 보상을 입수할 수 있습니다. \n보상은 「미션」으로부터 받아 주세요.
fes.fesGradeRewardPop.missionReward.colTitle1,昇格グレード,승격 그레이드
fes.fesGradeRewardPop.missionReward.colTitle2,報酬内容,보상 내용
gameEvent.achievementRewardDialog.title,ミッション達成累積報酬,미션 달성 누적 보상
gameEvent.achievementRewardDialog.message,以下のアイテムがプレゼントBOXに送られました,이하의 아이템이 선물 BOX에 보내졌습니다
gameEvent.achievementRewardDialog.rewardNameNum,%{name} x %{num},
gameEvent.achievementRewardDetailDialog.title,ミッション達成累積報酬詳細,미션 달성 누적 보상 상세
gameEvent.achievementRewardDetailDialog.missionDetailTitle,ミッション%{progressMax}個達成報酬,미션%{progressMax}개 달성 보상
gameEvent.schedule,開催期限 %{closeAt}まで,개최 기한 %{closeAt}까지
gameEvent.rewardReceivableSchedule,受取期限 %{closeAt}まで,수취 기한 %{closeAt}까지
gameEvent.gashaSchedule,ガシャ期限 %{closeAt}まで,가챠 기한 %{closeAt}까지
gameEvent.communicationsDialog.title,イベントコミュ,이벤트 커뮤
gameEvent.communicationsDialog.noticeMessage,コミュはイベントショップから解放可能です,커뮤는 이벤트 샵에서 해방 가능합니다
gameEvent.specialCommunicationsDialog.title,スペシャルコミュ,스페셜 커뮤
gameEvent.specialCommunicationsDialog.unreleasedTitle,？？？？,
gameEvent.resumeSpecialCommunicationsDialog.title,シナリオ再生確認,시나리오 재생 확인
gameEvent.resumeSpecialCommunicationsDialog.message,進行中のシナリオがあります再開しますか？,진행중인 시나리오가 있습니다 재개합니까?
gameEvent.boxGasha.acquiredItemRatio,%{acquiredItemCount}/%{originItemCount},
gameEvent.boxGasha.noCheckItem,チェック中のアイテムはありません,체크중인 아이템이 없습니다
gameEvent.boxGasha.lastBox,最後のボックスです,마지막 박스입니다
gameEvent.boxGasha.completedComment,%{boxName}のアイテムはすべて引き終わりました次のボックスへ移動してください,%{boxName}의 아이템은 모두 받았습니다 다음 박스에 이동해 주세요
gameEvent.boxGasha.checkItemDialog.title.change,ボックス詳細,박스 상세
gameEvent.boxGasha.checkItemDialog.title.confirm,チェック中のアイテム確認,체크중 아이템 확인
gameEvent.boxGasha.checkItemDialog.text.change,チェック中のアイテムはイベントTOPで残り状況を確認できます,체크중 아이템은 이벤트 TOP에 남아 상황을 확인할 수 있습니다
gameEvent.boxGasha.checkItemDialog.text.lastChange,最後のボックスです。アイテム数は無制限となります,마지막 박스입니다. 아이템 수는 무제한이 됩니다
gameEvent.boxGasha.checkItemDialog.text.confirm,チェック中のアイテムが残っています。ボックス移動しますか？,체크중인 아이템이 남아 있습니다. 박스 이동합니까?
gameEvent.boxGasha.checkItemDialog.text.notAcquired,未獲得,미획득
gameEvent.boxGasha.nextBoxDialog.title,ボックス移動確認,박스 이동 확인
gameEvent.boxGasha.nextBoxDialog.hasNoRemainingItemsText,次のボックスに移動します,다음의 박스로 이동합니다
gameEvent.boxGasha.nextBoxDialog.hasRemainingItemsText,チェックしたアイテムを獲得していません次のボックスに移動しますか？,체크한 아이템을 획득하고 있지 않습니다 다음의 박스로 이동합니까?
gameEvent.boxGasha.nextBoxDialog.caution,移動した場合、ボックスの中身を戻すことはできません,이동했을 경우、박스의 내용을 되돌릴 수 없습니다
gameEvent.boxGasha.nextBoxDialog.check,移動を有効にする,이동을 유효하게 한다
gameEvent.boxGasha.rewardDialogTitle,結果,결과
gameEvent.boxGasha.tabBoxName,ボックス,박스
unitBonusBanner.schedule,%{closeAt}まで,%{closeAt}까지
idolList.filterTitle,絞り込み,압축
idolList.sortTitle,並び替え,정렬
idolList.emptyMessage,所持しているアイドルがいません。,소지하고 있는 아이돌이 없습니다.
idolList.evolutionEmptyMessage,特訓可能なアイドルがいません。,특훈 가능한 아이돌이 없습니다.
idolList.memorialPieceStatus.pieceNum,＋%{num},
idolList.leaveEditModeDialog.title,確認,확인
idolList.leaveEditModeDialog.text,まだ%{editType}は確定していません選択状態を解除して移動しますか？,아직 %{editType}은 확정하고 있지 않습니다\n선택 상태를 해제해 이동합니까?
idolList.leaveEditModeDialog.tradeMoney,移籍,이적
idolList.leaveEditModeDialog.tradeMemorialPiece,変換,변환
gasha.closeAt,%{closeAt}まで,%{closeAt}까지
gasha.redrawGashaNotice,確定するまで何度でも\n引き直すことができます,확정될 때까지 몇 번이라도\n다시 시도할 수 있습니다
gasha.resultMessage,既に加入済みのアイドルは控室に送られます。,이미 가입 끝난 아이돌은 대기실에 보내집니다.
gasha.tweetLayerMessage,ツイートしたいアイドルを選択してください,트윗 하고 싶은 아이돌을 선택해 주세요
gasha.gashaText,%{quantity}回引く,%{quantity}회 시행
gasha.popTicketDesc,%{ticketName}を消費してガシャを%{quantity}回引きます。よろしいですか？,%{ticketName}을 소비해 가챠를%{quantity}회 시행합니다. 좋습니까?
gasha.popJewelDesc,フェザージュエルを%{price}個消費してガシャを%{quantity}回引きます。よろしいですか？,패더 쥬엘을%{price}개 소비해 가챠를%{quantity}회 시행합니다. 좋습니까?
gasha.popBanaCoinDesc,バナコインでガシャを%{quantity}回引きますか？,바나코인으로 가챠를 %{quantity}회 시행합니까?
gasha.popFreeDesc,無料で1回ガシャを引きますか？,무료로 1회 가챠를 시행합니까?
gasha.popRedrawConfirm.title,ご注意,주의
gasha.popRedrawConfirm.comment,「初回限定！運命の出会いガシャ」は、\nお気に入りのアイドルが出るまで\n何度でもガシャをやり直すことが可能です。,「첫회 한정! 운명의 만남 가챠」는、\n마음에 드는 아이돌이 나올 때까지\n 몇 번이라도 가챠를 다시 하는 것이 가능합니다.
gasha.popRedrawConfirm.notice,「初回限定！運命の出会いガシャ」の\nアイドルを確定してもよろしいですか？,「첫회 한정! 운명의 만남 가챠」의\n아이돌을 확정해도 좋습니까?
gasha.confirmDialog.title,使用確認,사용 확인
gasha.confirmDialog.message,フェザージュエルを%{price}個消費して\nガシャを%{count}回引きます\nよろしいですか？,패더 쥬엘을 %{price}개 소비해\n가챠를 %{count}회 시행합니다 \n괜찮습니까?
gasha.confirmDialog.messageBilledOnly,ガシャを%{count}回引きます\nよろしいですか？,가챠를 %{count}회 시행합니다 \n괜찮습니까?
gasha.confirmDialog.noticeBilledOnly,有償フェザージュエルでのみ購入可能,유상 패더 쥬엘에서만 구입 가능
gasha.confirmDialog.jewelNotice,無償フェザージュエルから先に消費されます,무상 패더 쥬엘부터 먼저 소비됩니다
gasha.confirmDialog.jewelNoticeBilledOnly,有償フェザージュエルが消費されます,유상 패더 쥬엘이 소비됩니다
gasha.confirmDialog.jewelNoticeNeedsCharge,フェザージュエルが不足しています,패더 쥬엘이 부족합니다
gasha.rateDescription,%{rarity}%{idolType}アイドル（%{count}種）,%{rarity}%{idolType}아이돌（%{count}종）
gasha.detailPercentage,%{rate}%,
gasha.checkPopHeader,使用確認,사용 확인
gasha.detailPopHeader,提供割合,제공 비율
gasha.gashaSelectHeader,ガシャ選択,가챠 선택
gasha.produce,プロデュース,프로듀스
gasha.support,サポート,서포트
gasha.normalGashaSubtitle,通常ガシャ提供割合,통상 가챠 제공 비율
gasha.normalGashaSubtitleIdol,通常ガシャの提供アイドル一覧,통상 가챠의 제공 아이돌 일람
gasha.srUpSubtitle,SR以上確定提供割合,SR이상 확정 제공 비율
gasha.srUpSubtitleIdol,SR以上確定の提供アイドル一覧,SR이상 확정 제공 아이돌 일람
gasha.ssrFixSubtitle,SSR確定提供割合,SSR 확정 제공 비율
gasha.ssrFixSubtitleIdol,SSR確定の提供アイドル一覧,SSR 확정 제공 아이돌 일람
gasha.gashaTicketSubtitle,通常ガシャ提供割合,통상 가챠 제공 비율
gasha.gashaTicketSubtitleIdol,通常ガシャの提供アイドル一覧,통상 가챠 제공 아이돌 일람
gasha.step1Subtitle,通常ガシャ提供割合,통상 가챠 제공 비율
gasha.step1SubtitleIdol,通常ガシャの提供アイドル一覧,통상 가챠 제공 아이돌 일람
gasha.loadingWarning,読み込みに時間が掛かることがありますので、\nリロードはお控えください。,읽는데 시간이 걸리는 일이 있기 때문에、\n갱신은 삼가해 주세요.
gasha.noExpire,期限なし,기한 없음
gasha.expireAt,使用期限：%{datetimeText},사용기한：%{datetimeText}
gasha.stamp.nextPickUp,"あと%{stampNumForNextPickUp}回で%{pickUpName}獲得！","앞으로 %{stampNumForNextPickUp}회에 %{pickUpName} 획득!"
gasha.stamp.popReward.title,スタンプカード報酬,스탬프 카드 보상
gasha.stamp.popReward.text,以下のアイテムがプレゼントBOXに送られました,이하의 아이템이 선물 BOX에 보내졌습니다
gasha.stamp.notice,スタンプカードが最後まで埋まった後は1枚目～%{boardNum}枚目の内容を繰り返します,스탬프 카드가 끝까지 채워진 뒤에는 1번째~%{boardNum}번째의 내용을 반복합니다
gasha.freeGift.popReward.title,おまけ,오마케
gasha.stepupRemainingHours,残り%{hours}時間,나머지 %{hours}시간
gasha.stepupRemainingMinutes,残り%{minutes}分,나머지%{minutes}분
gasha.scoutGasha.idolList.title,対象アイドル一覧,대상 아이돌 일람
gasha.scoutGasha.idolList.expireAt,【有効期限】%{expireAt}まで,【유효기간】%{expireAt}까지
gasha.scoutGasha.useConfirmation.title,使用確認,사용 확인
gasha.scoutGasha.useConfirmation.description,セレクションチケットを消費して\n%{name}\nを獲得します\nよろしいですか？,셀렉션 티켓을 소비해 \n%{name}\n를 획득합니다 \n괜찮습니까?
gasha.scoutGasha.noExpire,期限なし,기한 없음
gasha.scoutGasha.expireAt,%{expireAt}まで,%{expireAt}까지
guestUser,ゲスト,Guest
jewelPurchase.limitation.message,%{minAge}歳〜%{maxAge}歳：%{limitation}円,%{minAge}세〜%{maxAge}세：%{limitation}엔
jewelPurchase.limitation.detailTitle,購入限度額確認,구입 한도액 확인
jewelPurchase.limitation.detailMessage,１ヶ月の購入限度額は下記となります,1개월 구입 한도액은 아래와 같이 됩니다
jewelPurchase.limitation.overTitle,購入限度額超過,구입 한도액 초과
jewelPurchase.limitation.overMessage,購入限度額を超過しているため\nご購入いただくことができません\n\n※ないようがわからないときは\nおうちのひとにがめんをみせてください,구입 한도액을 초과하고 있기 때문에\n구입하실 수가 없습니다 \n\n※내용이 이해가 안되는 경우에는\n집안사람에게 화면을 보여주세요
jewelPurchase.limitation.parentPermissionTitle,法定代理人の同意確認,법정 대리인의 동의 확인
jewelPurchase.limitation.parentPermissionMessage,未成年の方がアプリ専用通貨等を\n購入される場合には、法定代理人(ご両親等)の\n同意を得てから購入してください\n\n※ないようがわからないときは\nおうちのひとにがめんをみせてください,미성년자가 앱 전용 통화등을\n구입하는 경우에는、법정 대리인(부모님등)의\n동의를 얻고 나서 구입해 주세요 \n\n※내용이 이해가 안되는 경우에는\n집안사람에게 화면을 보여주세요
jewelPurchase.productsDialog.title,フェザージュエル購入,패더 쥬엘 구입
jewelPurchase.productsDialog.productNum,%{num}個,%{num}개
jewelPurchase.productsDialog.priceLabel,必要バナコイン,필요 바나코인
jewelPurchase.productsDialog.priceLabelNative,価格,가격
jewelPurchase.confirmDialog.title,購入確認,구입 확인
jewelPurchase.confirmDialog.messageBeforeBC,バナコインでジュエル,바나코인으로 쥬엘
jewelPurchase.confirmDialog.messageAfter,を購入しますか?,를 구입합니까?
jewelPurchase.confirmDialog.purchaseNum,%{num}個,%{num}개
jewelPurchase.purchasedDialog.title,購入完了,구입 완료
jewelPurchase.purchasedDialog.messageAfter,を購入しました,를 구입했습니다
jewelPurchase.purchasedDialog.possessionJewel,所持ジュエル,소지 쥬엘
jewelPurchase.purchasedDialog.possessionBC,所持バナコイン,소지 바나코인
staffItemPoint,シール,씰
header.album,アルバム,앨범
header.comic,４コマ漫画,4컷만화
header.exSkill,Exスキル変更,Ex스킬 변경
header.training,トレーニング,트레이닝
header.trainingIdolList,トレーニングアイドル選択,트레이닝 아이돌 선택
header.evolution,特訓,특훈
header.evolutionIdolList,特訓アイドル選択,특훈 아이돌 선택
header.deckEdit,ユニット編成,유닛 편성
header.option,オプション,옵션
header.produceAreaSelect,プロデュース選択,프로듀스 선택
header.favoriteIdolSelect,アイドル選択,아이돌 선택
header.produceItemPreparation,プロデュースアイテム準備,프로듀스 아이템 준비
header.invitation,SNS招待,SNS 초대
header.produceIdolSelect,プロデュースアイドル編成,프로듀스 아이돌 편성
header.supportIdolSelect,サポートアイドル編成,서포트 아이돌 편성
header.profile,プロフィール,프로필
header.produceTop,プロデュース,프로듀스
header.produceDeckInformation,プロデュースユニット確認,프로듀스 유닛 확인
header.produceActivity,スケジュール選択,스케줄 선택
header.gasha,ガシャ,가챠
header.help,ヘルプ,헬프
header.homeDeck,ホームユニット,홈 유닛
header.homeDeckAnimationBgChange,背景選択,배경 선택
header.homeDeckAnimationCharacterChange,アイドル選択,아이돌 선택
header.homeDeckMemberSelect,ホームユニットメンバー編成,홈 유닛 멤버 편성
header.idolPortal,アイドル,아이돌
header.idolList,アイドル一覧,아이돌 일람
header.musicSelect,楽曲選択,악곡 선택
header.notice,お知らせ,소식
header.fesMatchRanking,ランキング,랭킹
header.fesDeckView,ユニット確認,유닛 확인
header.memorialShop,メモリアルピースショップ,메모리얼 피스 샵
header.titleSetting,称号設定,칭호 설정
header.ideaNote,アイデアノート,아이디어 노트
header.workActivity,営業,영업
header.workActivitySelectIdol,営業アイドル選択,영업 아이돌 선택
header.workActivitySelectItem,お手製差し入れ持ち込み,수제 간식 지참
header.idolRanking,%{name}のランキング,%{name}의 랭킹
header.characterAlbum,%{firstName}のアルバム,%{firstName}의 앨범
header.recycleShop,リサイクルショップ,리사이클 샵
ideaNote.confirmReplacementPop.title,使用確認,사용 확인
ideaNote.confirmReplacementPop.description,「%{current}」を使用中です。「%{selected}」を使用しますか？,「%{current}」를 사용중입니다.\n「%{selected}」를 사용합니까?
ideaNote.confirmReplacementPop.notice1,使用中のアイデアノートは消滅します,사용중인 아이디어 노트는 소멸합니다
ideaNote.confirmReplacementPop.notice2,新たに使用するアイデアノートの付加効果は次の週から反映されます,새롭게 사용하는 아이디어 노트의 부가 효과는 다음 주부터 반영됩니다
ideaNote.forceSelectPop.title,使用確認,사용 확인
ideaNote.forceSelectPop.description,「%{selected}」を使用しますか？,「%{selected}」를 사용합니까?
ideaNote.forceSelectPop.notice,新たなアイデアノートに切り替える際使用中のアイデアノートは消滅します,새로운 아이디어 노트로 전환될 때\n사용중인 아이디어 노트는 소멸합니다
ideaNote.extraEffectsPop.title,アイデアノートの付加効果,아이디어 노트의 부가 효과
ideaNote.extraEffectDetailPop.title,付加効果詳細,부가 효과 상세
ideaNote.detail.difficulty.title,難易度,난이도
ideaNote.detail.tab.stage,必要なアイデア,필요한 아이디어
ideaNote.detail.tab.extraEffect,付加効果,부가 효과
ideaNote.detail.tab.completeBonus,コンプリートボーナス,컴플리트 보너스
ideaNote.detail.emptyNotice,アイデアノートを使用していません,아이디어 노트를 사용하고 있지 않습니다
ideaNote.detail.emptyComment,アイデアノートを埋めることでアイドルが更に成長します,아이디어 노트를 채우는 것으로 아이돌이 더욱 성장합니다
ideaNote.list.noteCount.title,所持アイデアノート,소지 아이디어 노트
ideaNote.list.noteCount.count,%{count}冊,%{count}권
homeDeckBackgroundImage,ホームユニット背景,홈 유닛 배경
homeDeck.displayType.illustration,イラストモード,일러스트 모드
homeDeck.displayType.animation,アニメモード,애니메이션 모드
homeDeck.selectedBg,選択中の背景,선택중인 배경
judgeTrend.bonusValue,★%{value}倍,★%{value}배
landscapeDialog.title,画面の向きについて,화면의 방향에 대해
landscapeDialog.text,このゲームは画面を横向きにしてお楽しみください。,이 게임은 가로 모드로 즐겨 주세요.
loginBonus.clerkComment.greeting,プロデューサーさん、こちらは今日のログインボーナスですよ,프로듀서씨、이쪽은 오늘의 로그인 보너스예요
loginBonus.clerkComment.nextBonus,明日はこちらがもらえますから、頑張っていきましょ〜,내일은 이쪽을 받을 수 있기 때문에、노력해 주세요~
loginBonus.clerkComment.totalBonus,今日はプロデューサー就任%{totalLoginDays}日記念ですね！これはみんなからのお祝いです！受け取ってください！,오늘은 프로듀서 취임%{totalLoginDays}일 기념이군요! 이것은 모두로부터의 축하입니다! 받아 주세요!
loginBonus.accumulatedTotal.comment1,プロデューサー就任から,프로듀서 취임으로부터
loginBonus.accumulatedTotal.comment2,日経過,일 경과
loginBonus.accumulatedTotal.comment3,日記念まであと,일 기념까지 앞으로
loginBonus.accumulatedTotal.comment4,日,일
loginBonus.receive.title,報酬受け取り,보상 수령
loginBonus.receive.message,以下の報酬を受け取りました,이하의 보상을 받았습니다
maintenance.title,メンテナンス,유지보수
maintenance.defaultMessage,ただいま、メンテナンスを実施しております。\nご迷惑をおかけし、大変申し訳ございません。,다녀 왔습니다、유지보수를 시행하였습니다. \n폐를 끼쳐、몹시 죄송합니다.
exSkill.none,未設定,미설정
exSkill.possessionLabel,所持数 %{num},소지수 %{num}
exSkill.notConditionPop.title,Exスキル確認,Ex스킬 확인
exSkill.notConditionPop.text,Exスキル枠が解放されていないため\nExスキルを設定できません,Ex스킬범위가 해방되어 있지 않기 때문에\nEx 스킬을 설정할 수 없습니다
exSkill.exSkillConfirmation.changeTitle,Exスキル変更確認,Ex스킬 변경 확인
exSkill.exSkillConfirmation.setTitle,Exスキル設定確認,Ex스킬 설정 확인
exSkill.exSkillRemoverResultPop.title,アイテム使用結果,아이템 사용 결과
exSkill.exSkillRemoverResultPop.text,Exスキルスポイトを使って\n%{skillName}\nをストック化しました,Ex스킬 스포이드를 사용해 \n%{skillName}\n를 스톡화했습니다
exSkill.exSkillRemoverConfirmationPop.title,使用確認,사용 확인
exSkill.produceExSkillCondition.supportIdol.releaseCondition.text1,[解放条件]Lv.%{level}達成,[해방 조건]Lv.%{level}달성
exSkill.produceExSkillCondition.supportIdol.releaseCondition.text2,[解放条件1]特訓%{evolution}回達成,[해방 조건1]특훈%{evolution}회달성
exSkill.produceExSkillCondition.supportIdol.releaseCondition.text3,[解放条件2]Lv.%{level}達成,[해방 조건2]Lv.%{level}달성
exSkill.produceExSkillCondition.idol.releaseCondition.text1,[解放条件1]%{name}True End達成,[해방 조건1]%{name}True End달성
exSkill.produceExSkillCondition.idol.releaseCondition.text2,[解放条件2]ファン人数%{fan}達成,[해방 조건2]팬 인원수%{fan}달성
exSkill.exSkillChangeResultPop.title,Exスキル変更結果,Ex스킬 변경 결과
exSkill.exSkillChangeResultPop.text,Exスキルを変更しました,Ex스킬을 변경했습니다
exSkill.exSkillSetResultPop.title,Exスキル設定結果,Ex스킬 설정 결과
exSkill.exSkillSetResultPop.text,Exスキルを設定しました,Ex스킬을 설정했습니다
money,マニー,머니
mission.headerTitle,ミッション,미션
mission.popSort,達成状況絞り込み,달성 상황 압축
mission.popMissionDetail,ミッション詳細,미션 상세
mission.popReceive.title,報酬受け取り,보상 수령
mission.popReceive.comment,以下の報酬を受け取りました,이하의 보상을 받았습니다
mission.noLimit,期限なし,기한 없음
mission.noMissionMessage,挑戦できるミッションはありません,도전할 수 있는 미션이 없습니다
mission.expiredMission,ミッション挑戦期限を過ぎています,미션 도전 기한이 지났습니다
mission.remainingMinutes,"あと%{minutes}分","앞으로%{minutes}분"
mission.remainingHours,"あと%{hours}時間%{minutes}分","앞으로%{hours}시간%{minutes}분"
mission.remainingDays,"あと%{days}日%{hours}時間","앞으로%{days}일%{hours}시간"
mission.receiveAllConfirm.text,ミッション報酬を新しいものから100件まで受け取ります。よろしいですか？,미션 보상을 새로운 것부터\n100건까지 받습니다. 괜찮습니까?
mission.receiveAll.title,ミッション報酬一括受け取り,미션 보상 일괄 수령
mission.receiveAll.message,以下の報酬を受け取りました,이하의 보상을 받았습니다
mission.receiveAll.maxMessageFooter,一部の報酬は最大所持数を超えているため\n受け取れませんでした,일부의 보상은 최대 소지수를 넘고 있기 때문에\n받지 못했습니다
mission.receiveAll.maxMessage,最大所持数を超えるため受け取れません,최대 소지수를 넘기 때문에 받지 못했습니다
mission.receiveAll.noPresentMessage,受け取れる報酬はありませんでした,받은 보상이 없습니다
mission.receiveAll.itemNameNum,%{type} ×%{num},
option.saveMessage, \n \n設定を保存しました。, \n \n설정을 보존했습니다。
option.volumeTitle.voice,ボイス,음성
option.produceContentTitle.touch,アイドルへのタップ判定,아이돌에게 탭 판정
option.produceContentTitle.hint,はづきさんのヒント表示,하즈키씨의 힌트 표시
option.produceContentTitle.newEventSpeed,未読イベント開始時に早送り解除\n（アイドル・サポートイベント）,처음보는 이벤트 시작시 빨리감기 해제\n（아이돌·서포트 이벤트）
option.produceContentTitle.restConfirm,休む選択時に確認画面を表示,휴식 시에 확인 화면을 표시
option.produceContentTitle.concertConfirm,ライブ選択時に確認画面を表示,라이브 선택시에 확인 화면을 표시
option.twitterProfileDescription,設定したイラストをTwitterでシェアできます\n投稿にはTwitter連携が必要です,설정한 일러스트를 Twitter에 공유 할 수 있습니다 \n투고에는 Twitter 제휴가 필요합니다
option.twitterDeAuthorizeDialog.title,連携解除,제휴 해제
option.twitterDeAuthorizeDialog.message,Twitter連携を解除しました,Twitter 제휴를 해제했습니다
idol,アイドル,아이돌
supportIdolDetail.fromGashaNotice,最大まで特訓とトレーニングを行なった状態を表示しています。,최대까지 특훈과 트레이닝을 행한 상태를 표시하고 있습니다
idolDetail.fromGashaNotice,最大特訓時の状態を表示しています。,최대 특훈시 상태를 표시하고 있습니다
idolDetail.headerTitle.produce,プロデュースアイドル詳細,프로듀스 아이돌 상세
idolDetail.headerTitle.support,サポートアイドル詳細,서포트 아이돌 상세
idolDetail.headerTitle.fes,フェスアイドル詳細,페스아이돌 상세
idolDetail.holdTapHint,※アイコンを長押しでアイドルの詳細が確認できます,※아이콘 오래 누르기로 아이돌 상세정보 확인가능
idolDetail.skill.lockPanel,特訓%{evolutionStage}段階目,특훈%{evolutionStage}단계째
idolDetail.supportParameter.remainingExp,"あと%{exp}","앞으로%{exp}"
idolDetail.totalFan.idolName,【%{name}】累計ファン人数,【%{name}】누계 팬 인원수
idolDetail.produceDeck.detailPop.title,プロデュースデッキアイドル詳細,프로듀스 덱 아이돌 상세
idolDetail.produceDeck.detailPop.noSkillName,未設定,미설정
idolDetail.canNotTradeDialog.title,確認,확인
idolDetail.canNotTradeDialog.isLocked,保護中のため移籍できません,보호중이기 때문에 이적할 수 없습니다
idolDetail.canNotTradeDialog.isFesIdol,選択中のユニットにセット中のため移籍できません,선택중인 유닛에 세트중이기 때문에 이적할 수 없습니다
idolDetail.tradeConfirmDialog.title,移籍確認,이적 확인
idolDetail.tradeConfirmDialog.comment.default,このフェスアイドルとはお別れすることになります。 移籍を確定してよろしいですか？,이 페스아이돌과는 작별하는 일이 됩니다. 이적을 확정해도 괜찮습니까?
idolDetail.tradeConfirmDialog.comment.fesUnitMember,ユニットにセット中のアイドルとお別れすることになります。移籍を行うと、自動的にユニットから外れます。移籍を確定してもよろしいですか？,유닛에 세트중인 아이돌과 작별하는 일이 됩니다. 이적을 실시하면、자동적으로 유닛에서 없어집니다. 이적을 확정해도 괜찮습니까?
idolDetail.tradeConfirmDialog.fesUnitMemberNotice,ユニットにセット中のアイドルが含まれています,유닛에 세트중인 아이돌이 포함되어 있습니다
idolDetail.tradeResultDialog.title,移籍結果,이적 결과
idolDetail.tradeResultDialog.comment1,フェスアイドル,페스아이돌
idolDetail.tradeResultDialog.comment2,の移籍により,의 이적에 의해
idolDetail.tradeResultDialog.money,%{money}マニー,%{money}머니
idolDetail.tradeResultDialog.comment3,を獲得しました,를 획득했습니다
idolDetail.tradeResultDialog.comment4,フェスアイドルの移籍により,페스아이돌의 이적에 의해
idolDetail.trueEndDialog.title,True End詳細,True End상세
idolDetail.trueEndDialog.condition,・アイドルランクA達成・W.I.N.G.優勝,・아이돌 랭크 A달성・W.I.N.G.우승
idolDetail.tradeMemorialPieceDialog.title,メモリアルピース変換確認,메모리얼 피스 변환 확인
idolDetail.tradeMemorialPieceDialog.comment,このアイドルとはお別れすることになります。変換を確定してよろしいですか？,이 아이돌과는 작별하는 일이 됩니다。변환을 확정해도 괜찮습니까？
idolDetail.tradeMemorialPieceDialog.afterPieceCount,%{afterPieceCount}(+%{addPieceCount}),
idolDetail.tradeMemorialPieceDialog.addPieceCount,(+%{addPieceCount}),
idolDetail.tradeMemorialPieceDialog.srOrSsrNotice,SR以上の%{idolType}が選択されています,SR이상의%{idolType}가 선택되고 있습니다
idolDetail.tradeMemorialPieceDialog.maxNotice,最大所持量を超えるため変換できません,최대 소지량을 넘기 때문에 변환할 수 없습니다
idolDetail.receiveMemorialPieceDialog.title,メモリアルピース変換結果,메모리얼 피스 변환 결과
idolDetail.receiveMemorialPieceDialog.comment,%{idolType}%{idolName}を変換して%{pieceName}を受け取りました,%{idolType}%{idolName}를 변환해%{pieceName}를 받았습니다
idolDetail.fesIdolMarkSelectDialog.title,フェスアイドルマーク,페스아이돌마크
idolDetail.idol,プロデュースアイドル,프로듀스 아이돌
idolDetail.supportIdol,サポートアイドル,서포트 아이돌
idolDetail.fesIdol,フェスアイドル,페스아이돌
idolDetail.guest,ゲスト,Guest
idolPiece,メモリアルピース,메모리얼 피스
idolRank.txtFan,%{count}人,%{count}명
idolRank.txtNextFan,"あと  %{count}人","앞으로 %{count}명"
item.limitNum,最大所持数: %{num},최대 소지수: %{num}
item.headerTitle,アイテム一覧,아이템 일람
item.noItem,アイテムがありません。,아이템이 없습니다
item.itemConfirm.title,使用確認,사용 확인
item.itemConfirm.effect,以下のアイテムを使用して%{valueName}を回復しますか？,이하의 아이템을 사용해%{valueName}를 회복합니까?
item.itemConfirm.commentBlack,アイテムを使用すると,아이템을 사용하면
item.itemConfirm.commentRed,自然回復の上限を超えて回復できます,자연 회복의 상한을 넘어 회복할 수 있습니다
item.itemConfirm.warningMessage,%{itemName}の所持数が足りません,%{itemName}의 소지수가 충분하지 않습니다
item.itemResult.title,アイテム使用結果,아이템 사용 결과
item.itemResult.effect,%{itemName}を使用して%{valueName}を%{gainValue}回復しました,%{itemName}를 사용해 %{valueName}를 %{gainValue}회복했습니다
item.fesTicketRecoverPop.title,フェス参加権回復,페스 참가권 회복
item.maxStamina,スタミナがMAXのため、これ以上回復できません。,스태미너가 MAX라서、더 이상 회복할 수 없습니다
item.maxFesTicket,参加権がMAXのため、これ以上回復できません。,참가권이 MAX라서、더 이상 회복할 수 없습니다
item.expiredItem,期限を過ぎたため、使用できません。,기한이 지났기 때문에、사용할 수 없습니다
item.recoveryItem.type.produce.valueName,スタミナ,스태미너
item.recoveryItem.type.fes.valueName,参加権,참가권
jewel,フェザージュエル,패더 쥬엘
musicSelect.recommendTitle,おまかせ,오마카세(자동 곡 선택)
musicSelect.recommendDescription,編成しているアイドルによって、ライブ中に流れる楽曲が変化します。\n同じユニットのアイドルを3人以上編成した状態でライブを行うと、\nそのユニット専用の楽曲が再生されます。\n\nまた、ユニット編成内で2人以上が特別な衣装を着用しているとライブ楽曲が\n固定されます。\n\n※詳細はヘルプ内「ライブ ＞ ライブ中の楽曲」よりご確認ください。,편성하고 있는 아이돌에 의해、라이브중에 흐르는 악곡이 변화합니다. \n같은 유닛의 아이돌을 3명 이상 편성한 상태로 라이브를 실시하면、\n그 유닛 전용의 악곡이 재생됩니다. \n\n또、유닛 편성내에서 2명 이상이 특별한 의상을 착용하고 있으면 라이브 악곡이\n고정됩니다. \n\n※자세한 것은 헬프 내 「라이브 ＞ 라이브중 악곡」에서 확인해 주세요.
musicSelect.salesLinkConfirmDialog.title,確認,확인
musicSelect.salesLinkConfirmDialog.message,外部サイトへ接続します。\n楽曲配信情報サイトに移動してもよろしいですか？,외부 사이트로 접속합니다. \n악곡 정보 전달 사이트로 이동해도 괜찮습니까?
native.specifiedCommercialTransaction.title,特定商取引法に基づく表示,특정 상거래법에 근거한 표시
native.specifiedCommercialTransaction.message1,本サービス内で提供するコンテンツに関する取引条件は\n下記のとおりです。\n\n■販売業者\n株式会社バンダイナムコエンターテインメント\n〒108-0014　東京都港区芝5-37-8\n\n■代表者\n代表取締役　　大下　聡\n\n■お問い合わせ先\n【バンダイナムコエンターテインメント サポートセンター】,
native.specifiedCommercialTransaction.messageMailAddress.beforeAddress,メールアドレス：,
native.specifiedCommercialTransaction.messageMailAddress.address,idolmaster_sc_ip@net.bandai.co.jp,
native.specifiedCommercialTransaction.message2,受付時間：10：00−17：00\n（土日祝日および弊社休業日を除く）\n弊社電話番号はお客様からのご要望に基づき遅滞なく電子メールにて通知いたします。\n弊社電話番号が必要なお客様は上記メールアドレスからお申し出ください。\n\n■商品の販売価格\nコンテンツごとに表示されます。\n\n■代金のお支払方法,
native.specifiedCommercialTransaction.messageTermsOfPayment,弊社が別途定める決済方法によるお支払いとなります。,
native.specifiedCommercialTransaction.message3,\n■代金のお支払時期\nコンテンツ購入時となります。\n\n■商品の引渡時期\nコンテンツは、お支払手続き完了後、直ちに提供いたします。\n\n■返品について\n商品の性質上、返品はお受けできません。\n\n■不具合について\nコンテンツの利用に支障をきたす瑕疵が発生した場合、当該瑕疵の修補または代替品の提供をいたします。\n\n■動作環境,
native.specifiedCommercialTransaction.messageSystemRequirements.beforeLink,本サービスは必ず,
native.specifiedCommercialTransaction.messageSystemRequirements.link,こちら,
native.specifiedCommercialTransaction.messageSystemRequirements.afterLink,に記載の動作環境でご利用ください。,
native.specifiedCommercialTransaction.message4,なお、動作環境でご利用の場合も、お客様のご利用状況やご利用端末特有の要因により、本サービスが正常に動作しないことがあります。\n\n本サービスはインターネットに接続できる環境でご利用ください。なお、通信料はお客様のご負担となります。\n\n                                                                            以上,
platformMenu.title,インフォメーション,인포메이션
popJoinRecommend.textInvitation,招待機能を利用するには、enzaメンバー登録が必要です。,초대 기능을 이용하려면、enza 멤버 등록이 필요합니다
popJoinRecommend.textTicketEntry,チケット応募にはenzaに登録する必要があります。,티켓 응모에는 enza에 등록할 필요가 있습니다
popPaymentLimitation.title,年齢別購入限度額,연령별 구입 한도액
popPaymentLimitation.description,アプリ専用通貨等の購入には\n年齢別に限度額が設定されています。,앱 전용 통화등의 구입에는\n연령별로 한도액이 설정되어 있습니다
popPaymentLimitation.limitations,"16歳未満　：　1ヶ月5,400円まで16歳～19歳　：　1ヶ月21,600円まで20歳以上　：　限度なし","16세 미만　：　1개월5,400엔까지\n16세～19세　：　1개월21,600엔까지\n20세이상　：　한도 없음"
present.headerTitle,プレゼント,선물
present.noPresent.present,受け取れるプレゼントはありません,받을 선물이 없습니다
present.noPresent.history,受け取り済みのプレゼントはありません,수령한 선물이 없습니다
present.present.title,%{name} ×%{num},
present.present.presentNum,×%{num},
present.present.noExpire,期限なし,기한 없음
present.present.expireTime,%{expire}まで,%{expire}까지
present.main.count.title.received,受取済プレゼント,수령한 선물
present.main.count.title.unReceive,未受取プレゼント,미수령 선물
present.main.count.unit,件,건
present.main.notice,期限が切れたプレゼントは自動的に削除されます。また、一度に受け取れるプレゼントは100件までです。,기한이 지난 선물은 자동적으로 삭제됩니다. 또、한번에 받을 수 있는 선물은 100건까지입니다
present.receive.title,プレゼント受け取り,선물 수령
present.receive.message,以下のプレゼントを受け取りました,이하의 선물을 받았습니다
present.receive.itemNameNum,%{Name} ×%{Num},
present.receiveAllConfirm.title,プレゼント一括受け取り,선물 일괄 수령
present.receiveAllConfirm.text,プレゼントを新しいものから100件まで受け取ります。よろしいですか？,선물을 새로운 것부터\n100건까지 받습니다. 괜찮습니까?
present.receiveAll.title,プレゼント一括受け取り,선물 일괄 수령
present.receiveAll.message,以下のプレゼントを受け取りました,이하의 선물을 받았습니다
present.receiveAll.maxMessage,最大所持数を超えているため受け取れません,최대 소지수를 넘고 있기 때문에 받지 않습니다
present.receiveAll.maxMessageFooter,一部のプレゼントは最大所持数を超えているため\n受け取れませんでした,일부의 선물은 최대 소지수를 넘고 있기 때문에\n 받지 않았습니다
present.receiveAll.noPresentMessage,受け取れるプレゼントはありませんでした,받은 선물이 없었습니다
filterPop.filterTitle,絞り込み,압축
filterPop.filter.friendship,絆,인연
filterPop.filter.recoveryStamina,体力,체력
filterPop.filter.recoveryTension,テンション,텐션
filterPop.filter.avoidTrouble,トラブル,트러블
filterPop.filter.changeTrend,流行,유행
filterPop.filter.navigation,ナビゲート,안내
filterPop.filter.supportIdolsLottery,サポート,서포트
filterPop.filter.memoryPointUp,思い出,추억
filterPop.filter.defaultStatusUp,基礎能力,기초 능력
filterPop.filter.dance,Dance,Dance
filterPop.filter.vocal,Vocal,Vocal
filterPop.filter.visual,Visual,Visual
filterPop.filter.mental,メンタル,멘탈
filterPop.filter.limitStaminaUp,体力,체력
filterPop.filter.placeAppearRate,レッスン・\nお仕事,레슨・\n영업
filterPop.filter.commu,コミュ,커뮤
produce.header.ideaNote.emptyNotice,使用していません,사용하고 있지 않습니다
produce.resumePop.progress,シーズン %{season} / 残り %{restOfSeasonWeek}週,시즌 %{season} /나머지 %{restOfSeasonWeek}주
produce.produceItemPop.titleConfirm,使用確認,사용 확인
produce.produceItemPop.titleResult,プロデュースアイテム使用,프로듀스 아이템 사용
produce.produceItemPop.messageConfirm,以下のアイテムを使用しますか？,이하의 아이템을 사용합니까?
produce.produceItemPop.messageResult,以下のアイテムを使用しました,이하의 아이템을 사용했습니다
produceHeader.produceSeason,シーズン %{seasonNum},시즌 %{seasonNum}
produceItemPreparation.filterTitle,絞り込み,압축
produceItemPreparation.sortTitle,並び替え,정렬
produceItemPreparation.description.unselected,アイテムを選択していません,아이템을 선택하고 있지 않습니다
produceItemPreparation.itemList.empty,プロデュースアイテムを所持していません,프로듀스 아이템을 소지하고 있지 않습니다
produceItemPreparation.itemList.tips,プロデュースアイテムは、2つまで持っていくことができますよ〜,프로듀스 아이템은、2개까지 가지고 갈 수가 있어요~
produceItemPreparation.isNotRestricted,なし,없음
produceItemPreparation.isAreaRestricted,このアイテムは選択したプロデュースに\n持ち込むことができません,이 아이템은 선택한 프로듀스에\n반입할 수 없습니다
produceItemPreparation.sameEffectType,同じ効果のプロデュースアイテムを複数持ち込むことはできません,같은 효과의 프로듀스 아이템을 복수 반입할 수 없습니다
produceItemPreparation.beforeRelease,%{useOpenAt}以前は持ち込めません,%{useOpenAt}이전에는 반입할 수 없습니다
produceTop.deadline.season,シーズン%{seasonNum},시즌%{seasonNum}
produceTop.homeConfirmPop.title,ホームに戻る,홈으로 돌아간다
produceTop.homeConfirmPop.message,現在のプロデュース内容を保存して、ホームに戻りますか？,현재의 프로듀스 내용을 보존해、홈으로 돌아갑니까?
produceTop.restConfirmPop.title,確認画面,확인 화면
produceTop.restConfirmPop.message,アイドルを休ませますか？,아이돌을 쉬게 합니까?
produceTop.releasedCommentsPop.title,ボイス解放,음성 해방
produceTop.releasedCommentsPop.message,を解放しましたホームにて聞くことができます,를 해방했습니다 홈에서 들을 수 있습니다
produceTop.concertConfirmPop.title,確認画面,확인 화면
produceTop.concertConfirmPop.message,ライブを開始しますか？,라이브를 개시합니까?
produceTop.ideaNoteAlertPop.title,アイデアノート確認,아이디어 노트 확인
produceTop.ideaNoteAlertPop.message.default,アイデアノートが設定されていません。新たなアイデアノートを設定しますか？,아이디어 노트가 설정되어 있지 않습니다. \n새로운 아이디어 노트를 설정합니까?
produceTop.ideaNoteAlertPop.message.complete,アイデアノートをコンプリートしました。新たなアイデアノートを設定しますか？,아이디어 노트를 컴플리트 했습니다. \n새로운 아이디어 노트를 설정합니까?
produceTop.ideaNoteAlertPop.message.expired,アイデアノートの期限が切れました。\n新たなアイデアノートを設定しますか？,아이디어 노트의 기한이 지났습니다. \n새로운 아이디어 노트를 설정합니까?
produceAction.auditionRule,特殊ルール,특수 룰
produceAction.auditionConditions,出場条件,출장 조건
produceMain.supportSkillsDialogTitle,発動中サポートスキル,발동중 서포트 스킬
produceCostume.requirements,を最大まで特訓する,를 최대까지 특훈한다
produceCostume.casualCloth,私服衣装,사복 의상
produceCostume.idolCloth,ライブ衣装,라이브 의상
produceCostume.requirementsPopTitle,衣装解放条件,의상 해방 조건
produceCostume.changePopTitle,衣装変更確認,의상 변경 확인
produceSeasonResult.ideaNote.season,シーズン%{seasonNum},시즌%{seasonNum}
produceSeasonResult.ideaNote.emptyNotice,獲得できるアイデアノートがありません,획득할 수 있는 아이디어 노트가 없습니다
produceAreaSelect.openTime,%{years}年%{months}月%{days}日%{hours}:%{minutes}以降に,%{years}년%{months}월%{days}일%{hours}:%{minutes}이후에
fanMeeting.live.evaluation.fanMeeting.good_performance,MVP,
fanMeeting.live.evaluation.fanMeeting.good_vocal,ベストボーカリスト,Best Vocalist
fanMeeting.live.evaluation.fanMeeting.good_dance,ベストダンサー,Best Dancer
fanMeeting.live.evaluation.fanMeeting.good_visual,ベストモデル,Best Model
fanMeeting.live.evaluation.fanMeeting.good_mental,ベストMC,Best MC
fanMeeting.live.evaluation.fanMeeting.good_skill,ベストテクニック,Best Technique
fanMeeting.live.evaluation.fanMeetingRehearsal.good_performance,グッドパフォーマンス,Best Performance
fanMeeting.live.evaluation.fanMeetingRehearsal.good_vocal,グッドボーカル,Good Vocal
fanMeeting.live.evaluation.fanMeetingRehearsal.good_dance,グッドダンス,Good Dance
fanMeeting.live.evaluation.fanMeetingRehearsal.good_visual,グッドビジュアル,Good Visual
fanMeeting.live.evaluation.fanMeetingRehearsal.good_mental,グッドメンタル,Good Mental
fanMeeting.live.evaluation.fanMeetingRehearsal.good_skill,グッドスキル,Good Skill
fanMeeting.helperSupportIdolFriendShipLevel,アイドルの絆：%{level},아이돌의 인연：%{level}
fanMeeting.callHelperSupportIdol,（感謝祭の準備……\nちょっと人手が足りないみたいだったな……）,（감사제의 준비……\n조금 일손이 부족한 것 같네……）
fanMeeting.selectHelperSupportIdol,（手伝いを頼めたらいいんだけど……\n……誰がいいだろう……？）,（도움을 부탁할 수 있으면 좋겠지만……\n……누가 좋을까……？）
produceReady.fanMeetingIdolRestrictionPop.title,編成アイドル制限,편성 아이돌 제한
produceReady.fanMeetingIdolRestrictionPop.text.produceIdol,上記アイドルは\nまだ「283プロファン感謝祭」で\nプロデュースアイドルに選択できません,상기 아이돌은\n아직 「283 프로 팬 감사제」의\n프로듀스 아이돌로 선택할 수 없습니다
produceReady.fanMeetingIdolRestrictionPop.text.supportIdol,上記アイドルは\nまだ「283プロファン感謝祭」で\nサポートアイドルに選択できません,상기 아이돌은\n아직 「283 프로 팬 감사제」의\n서포트 아이돌로 선택할 수 없습니다
profile.cardEditDialogTitle,名刺編集,명함 편집
profile.pfRecommend,名前を変更するには、データ連携が必要です,이름을 변경하려면、데이터 연계가 필요합니다
profile.error.ngWord,\n禁止ワードが含まれています,\n금지 단어가 포함되어 있습니다
profile.error.wordLength,\n入力文字数が不正です,\n입력 문자 수가 부정합니다
profile.commentEditDialog.title,自己紹介編集,자기 소개 편집
profile.commentEditDialog.commentDefault,よろしくお願いします,잘 부탁드립니다
profile.commentEditDialog.textLengthCount,%{count}/20,
profile.options.showUserName,プロデューサーネーム,프로듀서 이름
profile.options.showUserTitle,称号,칭호
profile.options.showProfileComment,自己紹介,자기소개
profile.options.showFesDeckRank,フェスユニット評価,페스유닛 평가
profile.options.showUserGrade,最高到達グレード,최고 도달 그레이드
profile.options.showCharacterFan,ファン人数,팬 인원수
userPolicy.title,利用規約,이용규약
userPolicy.warningText,ないようがわからないときは\nおうちのひとにがめんをみせてください。,내용이 이해가 안되는 경우에는\n다른 분에게 화면을 보여주세요
shop.headerTitle,ショップ,샵
shop.headerTitles.money,マニーショップ,머니샵
shop.headerTitles.jewel,ジュエルショップ,쥬엘샵
shop.headerTitles.gameEvent,イベントショップ,이벤트샵
shop.headerTitles.prevGameEvent,イベントショップ,이벤트샵
shop.headerTitles.premium,プレミアムショップ,프리미엄샵
shop.headerTitles.staffItemPoint,はづきさんショップ,하즈키씨샵
shop.headerTitles.memorialPiece,メモリアルピースショップ,메모리얼피스샵
shop.headerTitles.exchangeItem,衣装ショップ,의상샵
shop.headerTitles.trade,リサイクルショップ,재활용샵
shop.shopDescriptions.money,マニーを使用してアイテムと交換できます,머니를 사용해 아이템과 교환할 수 있습니다
shop.shopDescriptions.jewel,フェザージュエルを使用してアイテムと交換できます,패더 쥬엘을 사용해 아이템과 교환할 수 있습니다
shop.shopDescriptions.gameEvent,イベントで入手したポイントとアイテムを交換できます,이벤트로 입수한 포인트와 아이템을 교환할 수 있습니다
shop.shopDescriptions.premium,いろいろなお買い得アイテムを購入できます,여러가지 알뜰구매 아이템을 구입할 수 있습니다
shop.shopDescriptions.staffItemPoint,はづきさんシールを使用してアイテムと交換できます,하즈키씨씰을 사용해 아이템과 교환할 수 있습니다
shop.shopDescriptions.memorialPiece,メモリアルピースを使用してアイテムと交換できます,메모리얼피스를 사용해 아이템과 교환할 수 있습니다
shop.shopDescriptions.exchangeItem,特別な衣装の交換・確認ができます,특별한 의상의 교환·확인을 할 수 있습니다
shop.shopDescriptions.trade,複数のアイテムを別のアイテムに変換できます,복수의 아이템을 다른 아이템으로 변환할 수 있습니다
shop.possessionLabel,所持%{currencyName},소지%{currencyName}
shop.shopItem.jewel,ジュエル,쥬엘
shop.shopItem.billedJewel,有償ジュエル,유상 쥬엘
shop.shopItem.freeJewel,無償ジュエル,무상 쥬엘
shop.shopItem.piece,ピース,피스
shop.shopItem.priceLabel,必要%{currencyName},필요%{currencyName}
shop.shopItem.disableText.lack,%{currencyName}不足,%{currencyName}부족
shop.salesItemText.2106,お一人様1つ限定！\n「1st Anniversary 10連ガシャチケット×1」に「SR特訓はづきさん（プロデュース）×1」と「ゴールドトレーニングチケット×20」がついてくる特別なパッケージです！,1인 1개 한정! \n「1st Anniversary 10연가챠 티켓×1」에 「SR특훈하즈키씨(프로듀스)×1」와 「골드 트레이닝 티켓×20」이 따라 오는 특별한 패키지입니다!
shop.salesItemText.2107,お一人様1つ限定！\n「ユニット別10連ガシャチケット×3」や「SSR特訓はづきさん（プロデュース）×1」「SSR特訓はづきさん（サポート）×1」などが入った特別なパッケージです！,1인 1개 한정! \n「유닛별 10연가챠 티켓×3」이나 「SSR 특훈하즈키씨(프로듀스)×1」 「SSR 특훈하즈키씨(서포트)×1」등이 들어간 특별한 패키지입니다!
shop.salesItemText.2108,お一人様1つ限定！\n「10連ガシャチケット×1」に、好きなSSRアイドルを１人選べる「セレクションチケット」がついた、特別なパッケージです！,1인 1개 한정! \n「10연가챠 티켓×1」에、좋아하는 SSR 아이돌을 1 인선 「셀렉션 티켓」이 붙은、특별한 패키지입니다!
shop.salesItemText.2109,お一人様1つ限定！\n「10連ガシャチケット×1」に、選択した好きなユニットからSSRアイドルを確率で獲得できる「ユニット別SSR確定ガシャチケット×1」がついた、特別なパッケージです！,1인 1개 한정! \n「10연가챠 티켓×1」에、선택한 좋아하는 유닛으로부터 SSR 아이돌을 확률로 획득할 수 있는 「유닛별 SSR 확정 가챠 티켓×1」이 붙은 특별한 패키지입니다!
shop.salesItemDialog.remainingText1,"あと","앞으로"
shop.salesItemDialog.remainingText2,で販売終了,로 판매 종료
shop.purchaseConfirmation.title,購入確認,구입 확인
shop.purchaseConfirmation.message,%{currencyName}を消費して\n以下のアイテムを購入しますか？,%{currencyName}를 소비해\n이하의 아이템을 구입합니까?
shop.purchaseConfirmation.messageSimple,以下のアイテムを購入しますか？,이하의 아이템을 구입합니까?
shop.purchaseConfirmation.notice.convertMerchandise,解放済みのコミュはアルバムの鍵に変換されます,해방된 커뮤는 앨범의 열쇠로 변환됩니다
shop.purchaseConfirmation.notice.jewelMerchandise,無償フェザージュエルから先に消費されます,무상 패더 쥬엘부터 먼저 소비됩니다
shop.exchangeConfirmation.title,交換確認,교환 확인
shop.exchangeConfirmation.message,%{exchangeItemName}を消費して\n以下のアイテムと交換しますか？,%{exchangeItemName}를 소비해\n이하의 아이템과 교환합니까?
shop.banaCoinShopNotice,バナコイン決済とクレジットカードかんたん決済が使用できます,바나코인 결제와 신용카드 간단 결제를 사용할 수 있습니다
shop.purchaseError.purchaseCountOver,購入上限を超えています,구입 상한을 넘고 있습니다
shop.purchaseError.possessionCountOver,所持上限を超えています,소지 상한을 넘고 있습니다
shop.purchaseError.moneyShortage,マニーが足りません,머니가 충분하지 않습니다
shop.useBanaCoinConfirmation.message,バナコインで以下のアイテムを%{purchaseCount}個購入します,바나코인으로 이하의 아이템을%{purchaseCount}개 구입합니다
shop.purchaseResult.title,購入結果,구입 결과
shop.purchaseResult.message,%{title}を購入しました,%{title}를 구입했습니다
shop.purchaseResult.twoLinesMessage,%{title}を購入しました,%{title}를 구입했습니다
shop.purchasableText.noLimitText,なし,없음
shop.exchangeResult.title,交換結果,교환 결과
shop.exchangeResult.message,%{title}と交換しました,%{title}와 교환했습니다
shop.exchangeResult.twoLinesMessage,%{title}と交換しました,%{title}와 교환했습니다
shop.currencyLabel.jewelType.billedJewel,有償,유상
shop.currencyLabel.jewelType.freeJewel,無償,무상
shop.expireDate,【交換期限】%{closeAt}まで,【교환기한】%{closeAt}까지
shop.noShopItem,交換可能なアイテムがありません。,교환 가능한 아이템이 없습니다
recycleShop.tradeConfirmation.title,交換確認,교환 확인
recycleShop.tradeConfirmation.message,以下のアイテムを交換しますか？,이하의 아이템을 교환합니까?
recycleShop.purchaseResult.title,交換結果,교환 결과
recycleShop.purchaseResult.message,%{title}を交換しました,%{title}를 교환했습니다
recycleShop.purchaseResult.twoLinesMessage,%{title}を交換しました,%{title}를 교환했습니다
skillBord.header,振り返り,복습하기
skillBord.acquireConfirmationTitle,スキル習得確認,스킬 습득 확인
skillBord.acquireConfirmationMessage,SPを%{skillPoint}消費してスキルを習得しますか？,SP를 %{skillPoint}소비해 스킬을 습득합니까?
skillBord.deleteSkillConfirmationTitle,スキル入れ替え確認,스킬 교체 확인
skillBord.acquiredMessage,既に習得済みのスキルです。\n\nスキルポイントを消費せず、\nパネルの解放のみを行います。,이미 습득 끝난 스킬입니다. \n\n스킬 포인트를 소비하지 않고、\n패널의 해방만을 실시합니다.
skillBord.produceAreaSkillList.title,%{produceTitle} 限定スキル,%{produceTitle} 한정 스킬
skin,衣装,의상
skinExchange.headerTitle,衣装ショップ,의상샵
skinExchange.noMerchandiseNotice,交換できる衣装がありません。,교환할 수 있는 의상이 없습니다
skinExchange.shop.possessionMarkCaption,所持数,소지수
skinDetail.plainOnlyNotice,衣装変更対象は私服衣装のみとなり、ライブ衣装は変更されません。,의상 변경 대상은 사복 의상만 되며、라이브 의상은 변경되지 않습니다
skinDetail.concertOnlyNotice,衣装変更対象はライブ衣装のみとなり、私服衣装は変更されません。,의상 변경 대상은 라이브 의상만 되며、사복 의상은 변경되지 않습니다
skinKind.plain,私服衣装,사복 의상
skinKind.concert,ライブ衣装,라이브 의상
specialCommunication.confirmationTitle,スペシャルコミュ再生確認,스페셜커뮤 재생 확인
specialCommunication.confirmationComment,%{title}\nが再生できます。\n\n再生しますか？,%{title}\n을 재생할 수 있습니다。\n\n재생합니까?
specialCommunication.achievementRewardDialogTitle,スペシャルコミュ再生報酬,스페셜커뮤 재생 보상
speaker.producer,プロデューサー,프로듀서
speaker.ceo,社長,사장
speaker.judge,審査員,심사원
spine.cb,ちびキャラ,꼬마 캐릭터
spine.cbCostume,ちびキャラ(ライブ),꼬마 캐릭터(라이브)
spine.cbSub,ちびサブキャラ,꼬마 서브 캐릭터
spine.stand,等身キャラ,등신 캐릭터
spine.standSub,等身サブキャラ,등신 서브 캐릭터
titleSelect.result.message,称号を設定しました,칭호를 설정했습니다
supportIdol.remaining,"あと %{remaining}","앞으로 %{remaining}"
training.gainExpLabel,獲得Exp,획득Exp
training.skillListTitle,習得するサポートスキル,습득한 서포트 스킬
training.startConfirm,トレーニング確認,트레이닝 확인
training.resultTitle,トレーニング成功,트레이닝 성공
training.resultTitleGreat,トレーニング大成功,트레이닝 대성공
trend.historyText,先週%{rank}位,지난 주%{rank}위
trend.txtNextFan,"あと  %{count}人","앞으로  %{count}명"
tutorial.openingMessage.mes0,「アイドル」,「아이돌」
tutorial.openingMessage.mes1,それは,그것은
tutorial.openingMessage.mes2,女の子達の永遠の憧れ,여자아이들의 영원한 동경
tutorial.openingMessage.mes3,だがアイドルの頂点に立てるのは,하지만 아이돌의 정점으로 서는 것은
tutorial.openingMessage.mes4,ただ、1組……,오직、1그룹……
tutorial.openingMessage.mes6,そんなサバイバルな世界に,그런 서바이벌인 세계에
tutorial.openingMessage.mes7,今19人の女の子と,지금 19명의 여자아이와
tutorial.openingMessage.mes8,１人のプロデューサーが,1명의 프로듀서가
tutorial.openingMessage.mes9,足を踏み入れる！,발을 디딘다!
tutorial.skipPop.message,次のチュートリアルまでスキップします\nよろしいですか？,다음의 튜토리얼까지 스킵하려고 합니다\n괜찮겠습니까?
tutorial.skipPop.title,確認,확인
tutorial.skipPop.warning1,各機能の説明はチュートリアル終了後も,각 기능의 설명은 튜토리얼 종료 후에도
tutorial.skipPop.warning3,から確認可能です。,로부터 확인 가능합니다
tv.appearance,テレビ出演を果たした。\n,텔레비젼 출연을 완수했다。\n
tv.appearanceAfter,アイドル達の魅力が引き出されたように感じる。,아이돌들의 매력이 끌어진 것 같다。
tv.performanceComment,今話題のアイドルが登場！圧巻のパフォーマンスを披露！,지금 화제의 아이돌이 등장! 압권의 퍼포먼스를 피로!
twitter.PINCodeDialog.title,Twitter連携,Twitter제휴
twitter.PINCodeDialog.description,Twitterに投稿するには、PINコードを取得して\nTwitterとの連携を認証する必要があります,Twitter에 투고하려면、PIN 코드를 취득해\nTwitter와의 제휴를 인증할 필요가 있습니다
twitter.PINCodeDialog.PINCodeComment,取得したPINコードを入力してください,취득한 PIN 코드를 입력해 주세요
twitter.PINCodeDialog.textBoxDefaultComment,PINコード入力,PIN 코드 입력
twitter.alreadyAuthenticatedDialog.title,確認,확인
twitter.alreadyAuthenticatedDialog.description,既に連携済みです,이미 제휴가 끝난 상태입니다
twitter.authenticateFailedDialog.title,エラー,에러
twitter.authenticateFailedDialog.description,PINコードの認証に失敗しました\n再度PINコードを取得してください,PIN 코드의 인증에 실패했습니다 \n재차 PIN 코드를 취득해 주세요
twitter.illustrationSelectDialog.title,イラスト選択,일러스트 선택
twitter.illustrationSelectDialog.description,どちらのイラストを使用しますか？,어느 쪽의 일러스트를 사용합니까?
twitter.illustrationSelectDialog.illustrationType.card,私服衣装,사복 의상
twitter.illustrationSelectDialog.illustrationType.fesCard,ライブ衣装,라이브 의상
twitter.postDialog.title,Twitter投稿,Twitter투고
twitter.postDialog.authenticatingAccount,%{screenName} で認証中,%{screenName} 로 인증중
twitter.postDialog.textBoxDefaultComment,テキスト入力,텍스트 입력
twitter.postDialog.description,イラストと上記の文章を含めてTwitterに投稿されます,일러스트와 상기의 문장을 포함해 Twitter에 투고됩니다
twitter.postDialog.businessCardDescription,各種画像と上記の文章を含めてTwitterに投稿されます,각종 그림과 상기의 문장을 포함해 Twitter에 투고됩니다
twitter.postDialog.textLengthCount,%{count}/140,
twitter.postDialog.staticComment.favoriteIdol,魅力たっぷりのアイドルをプロデュースしてみよう！担当はこのアイドル！,매력 충분한 아이돌을 프로듀스해 보자! 담당은 이 아이돌!
twitter.postDialog.staticComment.gashaResult,%{idolName}\nに出会ったよ！とっても素敵なアイドル！,%{idolName}\n를 만났어! 매우 멋진 아이돌!
twitter.postDialog.staticComment.businessCard,よろしくお願いします。\n#シャニマス名刺,잘 부탁드립니다. \n#샤니마스 명함
twitter.postDialog.staticHashTag,#シャニマス #idolmaster,#샤니마스 #idolmaster
twitter.tweetSuccessDialog.title,投稿完了,투고 완료
twitter.tweetSuccessDialog.description,投稿が完了しました,투고가 완료됬습니다
twitter.tweetFailedDialog.title,エラー,에러
twitter.tweetFailedDialog.description,投稿に失敗しました\nもう一度投稿するか再度認証を行ってください,투고에 실패했습니다 \n 한번 더 투고할지 재차 인증을 실시해 주세요
twitter.tweetFailedLimitRateDialog.title,エラー,에러
twitter.tweetFailedLimitRateDialog.description,ゲーム全体でのツイート数が\nTwitterの制限に達しているため\nツイートすることができません\n\nしばらく時間を置いてお試しください,게임 전체에서의 트윗수가\nTwitter의 제한에 이르고 있기때문에\n트윗 할 수가 없습니다\n\n당분간 시간을 두고 시도해 주세요
useBanaCoinPop.title,使用確認,사용 확인
useBanaCoinPop.checkDescription,enzaポイントをバナコインに変換する,enza 포인트를 바나코인으로 변환한다
workActivityTop.motivationLevel,モチベーションボーナス %{motivationLevel},모티베이션 보너스 %{motivationLevel}
workActivityTop.createItemTitle,お手製差し入れ作成,수제 간식 만들기
workActivityTop.createItemResultTitle,作成結果,만든 결과
workActivityTop.purchaseSlotDescription,営業枠を１つ解放します\nよろしいですか？,영업범위를 1개 해방합니다 \n괜찮습니까?
workActivityTop.purchaseBilledOnlyNotice,有償フェザージュエルでのみ購入可能,유상 패더 쥬엘로만 구입 가능
workActivityTop.possessedJewelShortMessage,所持フェザージュエルが不足しています,소지 패더 쥬엘이 부족합니다
workActivityReady.startDialogTitle,営業開始確認,영업 개시 확인
workActivityReady.motivationLevel,モチベーションボーナス %{motivationLevel},모티베이션 보너스 %{motivationLevel}
workActivityReady.motivationBonusDetail,獲得経験値とファン数が%{bonusRate}倍,획득 경험치와 팬수가 %{bonusRate}배
workActivityReady.motivationBonusNone,モチベーションボーナスはありません,모티베이션 보너스는 없습니다
workActivityResult.skillListTitle,習得したサポートスキル,습득한 서포트 스킬
workActivityResult.totalFan.idolName,【%{name}】累計ファン人数,【%{name}】누계 팬 인원수
individualRanking.heldAt,%{time}まで,%{time}까지
individualRanking.tallyAt,%{time}まで,%{time}까지
individualRanking.rewardAt,%{time}から,%{time}부터
individualRanking.outOfRanking,圏外,권외
individualRanking.popup.title,ランキング報酬,랭킹 보상
individualRanking.popup.headingBorder,順位,순위
individualRanking.popup.rewardBorder,%{start}位,%{start}위
individualRanking.popup.rewardBorderRange,%{start}位〜%{end}位,%{start}위~%{end}위
individualRanking.popup.itemNameNum,%{type} ×%{num},
individualRanking.accumulatedPresentListPop.title,累計ファン数達成報酬一覧,누계 팬수달성 보상 일람
individualRanking.accumulatedPresentListPop.needFan,%{fan} 人,%{fan} 명
individualRanking.accumulatedPresentGetPopup.title,累計ファン数達成報酬,누계 팬수달성 보상
individualRanking.accumulatedPresentGetPopup.text,以下のアイテムがプレゼントBOXに送られました,이하의 아이템이 선물 BOX에 보내졌습니다
individualRanking.characterRankingOutOfTermPop.title,集計期間外,집계 기간외
individualRanking.characterRankingOutOfTermPop.text,現在は\n「%{name}」\nのランキング集計期間外です\n\n集計期間外にプロデュースや営業を達成しても\nイベントランキングのファン数には加算されません,현재는\n「%{name}」\n의 랭킹 집계 기간외입니다\n\n집계 기간외에 프로듀스나 영업을 달성해도\n이벤트 랭킹의 팬수에는 가산되지 않습니다
trust.rewardPop.innerLabel,信頼度はすべてのプロデュースアイドルで共通となります。,신뢰도는 모든 프로듀스 아이돌에 공통이 됩니다
trust.rewardPop.level,信頼度\nLv.%{level},신뢰도\nLv.%{level}
trust.rewardPop.rewardName,%{name}×%{num},
trust.rewardPop.title,信頼度Lv.報酬（%{characterName}）,신뢰도Lv.보상（%{characterName}）
eventPoint.genericName,ポイント,포인트
eventPoint.game,イベントP,이벤트P
eventPoint.scenario,シナリオP,시나리오P
eventPoint.fes,フェスP,페스P
eventPoint.box,ボックスP,박스P
eventPoint.ranking,ランキングP,랭킹P
eventShop.noShopNotice,期間内のショップがありません。,기간내의 샵이 없습니다
eventShop.noExchangeMerchandiseNotice,交換できるアイテムがありません。,교환할 수 있는 아이템이 없습니다
exchangeItem.petitSelectionTicket.original,プチセレクションチケット,푸치 셀렉션 티켓
exchangeItem.petitSelectionTicket.simple,チケット,티켓
fes.result.score,%{value}pt,
fes.result.scoreDetail.appeal,%{appeal}×%{num},
gasha.ticketGashaCount,x%{count},
gasha.idolRate,%{ssrRate}%\n%{srRate}%\n%{rRate}%,
gasha.supportIdolRate,%{ssrRate}%\n%{srRate}%\n%{rRate}%,
gasha.ssrText,SSR,
gasha.srText,SR,
gasha.rText,R,
gasha.scoutGasha.ticketCount,x%{count},
header.eventShop,イベントショップ,이벤트샵
mission.missionCountMessage,%{clearedMissionLen}/%{missionLen},
mission.gaugeNumberMessage,%{progress}/%{progressMax},
option.volumeTitle.bgm,BGM,
option.volumeTitle.se,SE,
idolDetail.skill.level,Lv.%{level},
idolDetail.supportParameter.maxLevel,/%{level},
idolDetail.profile.height,%{height}cm,
idolDetail.profile.weight,%{weight}kg,
idolDetail.profile.bloodType,%{bloodType}型,%{bloodType}형
idolDetail.profile.figure,%{bust}/%{waist}/%{hip},
idolDetail.totalFan.fan,%{fan}人,%{fan}명
idolDetail.produceDeck.lastFan,%{fan}人,%{fan}명
idolDetail.produceDeck.detailPop.level,Lv.%{level}/%{limitLevel},
idolDetail.tradeConfirmDialog.addition,+%{num},
idolDetail.tradeResultDialog.idolName,%{idolName},
idolDetail.event.neverReadEventTitle,???,
invitation.receivedMessage.singularNum,,
invitation.receivedMessage.multipleNum,×%{num},
invitation.receivedMessage.message,・%{typeText}%{numText},
item.itemConfirm.name,%{name},
item.itemConfirm.beforeItemNum,%{num},
item.itemConfirm.afterItemNum,%{num},
item.itemConfirm.beforeValue,%{value},
item.itemConfirm.afterValue,%{afterValue}(+%{gainValue}),
item.itemResult.name,%{name},
item.itemResult.beforeItemNum,%{num},
item.itemResult.afterItemNum,%{num},
item.itemResult.beforeValue,%{beforeValue},
item.itemResult.afterValue,%{afterValue}(+%{gainValue}),
popJoinRecommend.textDefault,,
present.receiveAll.itemNameNum,%{type} ×%{num},
filterPop.filter.sp,SP,
produceHeader.concertSeason,W.I.N.G.,
produceAction.auditionParameterUp,+???,
shop.purchaseConfirmation.itemAfter,%{total}(+%{itemAfter}),
shop.exchangeConfirmation.itemAfter,%{total}(+%{itemAfter}),
shop.useBanaCoinConfirmation.merchandise,%{title},
shop.purchasableText.limited,%{purchasedNum}/%{limitNum},
shop.purchasableText.limitedShort,/  %{num},
shop.purchasableText.noLimit,%{purchasedNum}/  ー,
shop.purchasableText.noLimitShort,/  ー,
training.levelLabel,Lv.,
training.selectedNum,x%{num},
trend.txtFan,%{count}人,%{count}명
tutorial.openingMessage.mes5,,
tutorial.skipPop.warning2,TIPS,
twitter.postDialog.staticURL,https://go.enza.fun/IddpjY,
workActivityResult.totalFan.count,%{count}人,%{count}명
individualRanking.aggregateAt,%{openTime} 〜 %{closeTime},
errorDialog.movieSkipNotice,スキップした場合、動画は閲覧済み状態となります,스킵 했을 경우、동영상은 열람이 끝난 상태가 됩니다
gasha.billedText,【有償】,【유상】
lotteryResult.title,当選結果,당선 결과
lotteryResult.comment,以下の景品を獲得しました,이하의 경품을 획득했습니다
lotteryResult.notice,景品はプレゼントからお受け取りください,경품은 선물로부터 받아 주세요
lotteryResult.rankCount,本当選！,당첨！
lotteryResult.rankRewardCount,×%{rankRewardCount},
mission.receiveDateLimit,【受取期限】%{closeAt}まで,【수령 기한】%{closeAt}까지
errorDialog.offline,通信中にオフラインになりました。\nネットワーク環境をご確認の上、\nページの再読み込みをお試しください。,통신중에 오프라인이 되었습니다. \n네트워크 환경을 확인하신 후、\n페이지의 갱신을 시도해 주세요.
gameEvent.eventEnded,イベント開催期間は終了しました,이벤트 개최 기간은 종료되었습니다
announce.eventNotice,イベント予告,이벤트 예고
announce.songInfo,楽曲情報,악곡 정보
evolution.reward.title,解放,해방
evolution.reward.header,%{name}を\n%{times}回特訓したため,%{name}를 \n%{times}회 특훈했기 때문에
evolution.reward.getTitle,・特訓称号,・특훈 칭호
evolution.reward.getVoiceHeader,・特訓ホームボイス,・특훈 홈보이스
evolution.reward.footer,が解放されました。,(이)가 해방되었습니다.
gasha.campaignGashaSubtitle,キャンペーンガシャ提供割合,캠페인 가챠 제공 비율
gasha.campaignGashaSubtitleIdol,キャンペーンガシャの提供アイドル一覧,캠페인 가챠의 제공 아이돌 일람
gasha.stepupTimes.step3,%{times}連ガシャ,%{times}연가챠
gasha.stepupTimes.step4,%{times}連,%{times}연
idolPieceSimple,ピース,피스
invitation.tweetComments.text,アイドルマスターシャイニーカラーズ\rこの招待リンクからゲームを始めると１回ガシャチケットもらえる！,아이돌마스터 샤이니칼라즈\r이 초대 링크에서 게임을 시작하면 1회 가챠 티켓을 받을 수 있다!
invitation.tweetComments.hashTag,"シャニマス,idolmaster",”샤니마스, idolmaster”
billedJewel,有償フェザージュエル,유상 패더 쥬엘
shop.salesItemText.2137,お一人様1つ限定！\n「初夏の晴れやか記念10連ガシャチケット×1」に「初夏の晴れやか記念P-SRアイドル確定ガシャチケット×1」がついたお得なパッケージです！,1인 1개 한정! \n 「초여름의 쾌청함 기념 10연가챠 티켓×1」에 「초여름의 쾌청함 기념 P-SR아이돌 확정 가챠 티켓×1」이 붙은 이득의 패키지입니다!
shop.exchangeCount,交換数,교환수
shop.purchaseCount,購入数,구입수
shop.exchangeLimit,交換上限,교환 상한
shop.purchaseLimit,購入上限,구입 상한
shop.purchasedCountLabelText.skin,所持数,소지수
shop.purchasedCountLabelText.gameEvent.scenario_event_point,シナリオP,시나리오P
shop.purchasedCountLabelText.gameEvent.fes_event_point,フェスP,페스P
shop.purchasedCountLabelText.gameEvent.box_event_point,ボックスP,박스P
shop.purchasedCountLabelText.gameEvent.ranking_event_point,ランキングP,랭킹P
shop.smallTabTitles.money.gashaTicket,ガシャチケット,가챠 티켓
shop.smallTabTitles.money.produceItem,プロデュースアイテム,프로듀스 아이템
shop.smallTabTitles.money.enhancementItem,トレーニングチケット,트레이닝 티켓
shop.smallTabTitles.money.recoveryItem,回復アイテム,회복 아이템
shop.smallTabTitles.money.others,その他,그 외
shop.smallTabTitles.skin.shops,衣装交換所,의상 교환소
shop.smallTabTitles.skin.skins,所持衣装,소지 의상
shop.smallTabTitles.gameEvent.point,ポイント交換,포인트 교환
shop.smallTabTitles.gameEvent.ticket,チケット交換,티켓 교환
shop.smallTabTitles.idolPiece.rainbow,虹,무지개
shop.smallTabTitles.idolPiece.gold,金,금
shop.smallTabTitles.idolPiece.silver,銀,은
shop.emptyNotice.purchase,購入できる商品がありません,구입할 수 있는 상품이 없습니다
shop.emptyNotice.exchange,交換できる商品がありません,교환할 수 있는 상품이 없습니다
shop.trade.tradeConfirmation.title,交換確認,교환 확인
shop.trade.tradeConfirmation.message,以下のアイテムと\r「%{title}」を交換しますか？,이하의 아이템과\r「%{title}」를 교환합니까?
shop.trade.tradeConfirmation.shortageMessage,「%{title}」の\r交換に必要なアイテムが不足しています,「%{title}」의\r교환에 필요한 아이템이 부족합니다
characterAlbum.commu.albumType.birthday_event,誕生日,생일
characterAlbum.commuDetailPop.notice,%{itemName}での解放は%{date}より可能です,%{itemName}로 해방은%{date}부터 가능합니다
characterAlbum.commuDetailPop.title,コミュ詳細,커뮤 상세
characterAlbum.commuDetailPop.useItem.title,%{itemName}を使ってコミュを解放できます,%{itemName}를 사용해 커뮤를 해방할 수 있습니다
characterBirthday.characterBirthdayListPop.birthday,%{month}/%{day},
characterBirthday.characterBirthdayListPop.month,月,월
characterBirthday.characterBirthdayListPop.title,誕生日確認,생일 확인
characterBirthday.givePresentDialog.text,自然回復の上限を超えて回復でき、\n誕生日ミニコミュが解放されます,자연 회복의 상한을 넘어 회복할 수 있고\n생일 미니커뮤가 해방됩니다
characterBirthday.specialCommunicationDialog.txtNotice,「あとで再生」を選んだ場合、\n期間中誕生日特設ページで再度この確認が表示されます。,「나중에 재생」을 선택했을 경우\n기간중 생일 특설 페이지로 재차 이 확인이 표시됩니다.
errorDialog.closedText,期間は終了しました,기간은 종료했습니다
errorDialog.eventClosedTitle,イベント期間外,이벤트 기간 외
errorDialog.expiredProduceItem,アイテムの使用期限が終了したため\n持ち込むことができませんでした\n\n再度アイテムを選択し直してください,아이템의 사용 기한이 종료됐기 때문에\n반입할 수가 없었습니다\n\n재차 아이템을 다시 선택해 주세요
errorDialog.shopClosedTitle,購入期間外,구입 기간 외
extraCampaign.application.announceTime,yyyy/mm/dd HH:MM,
extraCampaign.application.announceTimeLabel,当選発表,당선 발표
extraCampaign.application.applicationAgreementDialog.body.heading,「アイドルマスター シャイニーカラーズ」\rリアルステージイベント『283プロダクション プロデューサー感謝祭』\rステージ観覧応募について,「아이돌마스터샤이니컬러즈」\r리얼 스테이지 이벤트 『283 프로덕션 프로듀서 감사제』\r스테이지 관람 응모에 대해
extraCampaign.application.applicationAgreementDialog.body.inquiry.descriptions.after,なお、抽選結果に関する個別のお問い合わせにはお答えしかねます。,덧붙여 추첨 결과에 관한 개별 문의에는 대답하기 어렵습니다.
extraCampaign.application.applicationAgreementDialog.body.inquiry.descriptions.before,下記よりお問い合わせください。,아래로 문의해 주세요.
extraCampaign.application.applicationAgreementDialog.body.inquiry.title,お問い合わせ,문의
extraCampaign.application.applicationAgreementDialog.body.items.1.descriptions.1,"・リアルステージイベント『283プロダクション プロデューサー感謝祭 ～1.5 Anniversary Festival!!～』ステージ観覧応募（以下、本応募企画といいます）は株式会社バンダイナムコエンターテインメント（以下、当社といいます）が配信するenza対応ゲーム「アイドルマスター シャイニーカラーズ」（以下、本ゲームといいます）に関連して、以下に掲げる応募条件を満たして応募していただいたお客様の内、抽選で1,515名様を、リアルステージイベント『283プロダクション プロデューサー感謝祭 ～1.5 Anniversary Festival!!～』（以下、本イベントといいます）へご招待する応募企画となります。","·리얼 스테이지 이벤트 『283 프로덕션 프로듀서 감사제 ~1.5 Anniversary Festival!! ~』스테이지 관람 응모(이하 본응모 기획이라고 합니다)는 주식회사 반다이 남코 엔터테인먼트(이하 당사라고 합니다)가 전달하는 enza 게임 「아이돌마스터샤이니컬러즈」(이하 본게임이라고 합니다) 에 관련해 이하로 내건 응모 조건을 채워 응모한 손님중 추첨으로 1515분을 리얼 스테이지 이벤트 『283 프로덕션 프로듀서 감사제 ~1.5 Anniversary Festival!! ~』(이하 본이벤트라고 합니다)에 초대하는 응모 기획입니다."
extraCampaign.application.applicationAgreementDialog.body.items.1.descriptions.2,・本応募企画は当社が実施するものであり、本ゲームを配信するストアの運営会社はその実施に関与していません。,·본응모 기획은 당사가 실시하는 것이며 본게임을 전달하는 스토어의 운영 회사는 그 실시에 관여하고 있지 않습니다.
extraCampaign.application.applicationAgreementDialog.body.items.1.descriptions.3,・本イベントの性質上、本応募企画終了時点で満12歳に満たないお客様はご応募することが出来ません。予めご了承ください。,·본이벤트의 성질상 본응모 기획 종료시점에 만 12세에 차지 않는 손님은 응모할 수가 없습니다. 미리 양해 부탁드립니다.
extraCampaign.application.applicationAgreementDialog.body.items.1.title,概要,개요
extraCampaign.application.applicationAgreementDialog.body.items.2.descriptions.1,"A賞：リアルステージイベント『283プロダクション プロデューサー感謝祭 ～1.5 Anniversary Festival!!～』観覧席へのご招待：1,515名様","A상:리얼 스테이지 이벤트 『283 프로덕션 프로듀서 감사제 ~1.5 Anniversary Festival!! ~』관람석에 초대:1515분"
extraCampaign.application.applicationAgreementDialog.body.items.2.descriptions.2,※本イベントの概要は以下となります。,※본이벤트의 개요는 이하가 됩니다.
extraCampaign.application.applicationAgreementDialog.body.items.2.descriptions.3,日時：2019年10月27日（日）開場17:00 / 開演18:00 （予定）,일시:2019년 10월 27일(일) 개장 17:00 / 개막 18:00(예정)
extraCampaign.application.applicationAgreementDialog.body.items.2.descriptions.4,場所：森のホール21（松戸市文化会館）,장소:숲의 홀 21(마츠도시 문화 회관)
extraCampaign.application.applicationAgreementDialog.body.items.2.descriptions.5,※その他、詳細な本イベントの実施概要は本ゲーム内より遷移できる本イベント特設ページか、本イベント特設サイトをご確認ください。\r,※그 외 상세한 본이벤트의 실시 개요는 본게임내의 본이벤트 특설 페이지나. 본이벤트 특설 사이트를 확인해 주세요. \r
extraCampaign.application.applicationAgreementDialog.body.items.2.descriptions.6,B賞：ゲーム内アイテム『1.5 Anniversary P-SSRセレクションチケット×１』：100名様,B상:게임내 아이템 『1.5 Anniversary P-SSR 셀렉션 티켓×1』:100분
extraCampaign.application.applicationAgreementDialog.body.items.2.descriptions.7,※A賞とB賞は重複して当選いたしません。,※A상과 B상은 중복 당선되지 않습니다.
extraCampaign.application.applicationAgreementDialog.body.items.2.descriptions.8,※A賞とB賞どちらも応募していた場合でも、A賞に当選した時点でB賞の当選資格を失いますのでご了承ください。,"※A상과 B상 어느쪽이나 응모하고 있을 경우, A상에 당선한 시점에서 B상의 당선 자격을 잃기 때문에 양해해 주십시오."
extraCampaign.application.applicationAgreementDialog.body.items.2.title,プレゼントの内容,선물의 내용
extraCampaign.application.applicationAgreementDialog.body.items.3.descriptions.1,2019年7月31日(水)15：00～2019年8月31日(土)23：59まで,2019년 7월 31일(수) 15:00~2019년 8월 31일(토) 23:59까지
extraCampaign.application.applicationAgreementDialog.body.items.3.descriptions.2,※応募期間終了後、応募先の変更はできませんのでご了承ください。,※응모 기간 종료후. 응모처의 변경은 할 수 없기 때문에 양해해 주십시오.
extraCampaign.application.applicationAgreementDialog.body.items.3.title,応募期間,응모 기간
extraCampaign.application.applicationAgreementDialog.body.items.4.descriptions.1,■応募資格,■응모 자격
extraCampaign.application.applicationAgreementDialog.body.items.4.descriptions.10,■応募口数について,■응모 건수에 대해
extraCampaign.application.applicationAgreementDialog.body.items.4.descriptions.11,・本応募企画において応募可能な応募口数は、本ゲーム内にて2019年7月31日(水)15:00～2019年8月31日(土)14：59まで開催される本イベント特設ページでの配布、および対象のアイテムパックに付属する応募券の累計獲得数に応じて変動いたします。,·본응모 기획에 대해 응모 가능한 응모 건수는. 본게임내에서 2019년 7월 31일(수) 15:00~2019년 8월 31일(토) 14:59까지 개최되는 본이벤트 특설 페이지에서 배포 및 대상의 아이템 팩에 부속되는 응모권의 누계 획득수에 응해 변동하겠습니다.
extraCampaign.application.applicationAgreementDialog.body.items.4.descriptions.12,・応募券1枚につきA賞もしくはB賞に1口ご応募いただけます。,·응모권 1매에 대해 A상 혹은 B상에 1건 응모하실 수 있습니다.
extraCampaign.application.applicationAgreementDialog.body.items.4.descriptions.13,・応募券の獲得方法等、詳細事項は本ゲーム内におけるお知らせをご確認ください。,응모권의 획득 방법등. 상세 사항은 본게임내에 있어서의 소식을 확인해 주세요.
extraCampaign.application.applicationAgreementDialog.body.items.4.descriptions.14,・応募券の獲得数および応募口数は、本ゲーム内マイページより遷移いただける本イベント特設ページよりご確認いただけます。,·응모권의 획득수 및 응모 건수는. 본게임내 마이 페이지의 본이벤트 특설 페이지에서 확인하실 수 있습니다.
extraCampaign.application.applicationAgreementDialog.body.items.4.descriptions.2,本応募企画は以下に掲げる要件を満たすお客様のみ応募可能です。,본응모 기획은 이하로 내거는 요건을 채우는 손님만 응모 가능합니다.
extraCampaign.application.applicationAgreementDialog.body.items.4.descriptions.3,・本応募企画終了時点で日本国内に在住されていること。,·본응모 기획 종료시점에 일본내에 거주할 것.
extraCampaign.application.applicationAgreementDialog.body.items.4.descriptions.4,・本規約記載の各事項にご同意いただけること。\r,·본규약 기재의 각 사항에 동의 할 것. \r
extraCampaign.application.applicationAgreementDialog.body.items.4.descriptions.5,■応募方法,■응모 방법
extraCampaign.application.applicationAgreementDialog.body.items.4.descriptions.6,①、本ゲーム内において、本ゲーム内マイページより遷移できる本イベント特設ページから受取もしくは対象のアイテムパックの購入により「1.5 Anniversary特別応募券（以下、応募券といいます）」を入手いただき、特設ページよりA賞もしくはB賞にご応募ください。ご応募先は、お持ちの応募券1枚ごとにそれぞれお選びいただけます。お客様が任意で選択をしない限り、応募券はA賞に設定されておりますので、B賞を希望される場合は必ずご自身でご応募先を変更していただくようお願いいたします。\r,①. 본게임내에 있어. 본게임내 마이 페이지의 본이벤트 특설 페이지로부터 수취 혹은 대상의 아이템 팩의 구입에 의해 「1.5 Anniversary 특별 응모권(이하. 응모권이라고 합니다)」를 입수하여 특설 페이지의 A상 혹은 B상에 응모해 주세요. 응모처는. 가지고 계신 응모권 1매마다 각각 선택해 받을 수 있습니다. 손님이 임의로 선택을 하지 않는 한. 응모권은 A상으로 설정되어 있으므로. B상이 희망되는 경우는 반드시 스스로 응모처를 변경해 받도록 부탁 드리겠습니다. \r
extraCampaign.application.applicationAgreementDialog.body.items.4.descriptions.7,②、2019年8月31日（土）23：59の応募締め切り時点で、お持ちの応募券それぞれに設定されている応募先に、自動的に応募されます。,②. 2019년 8월 31일(토) 23:59의 응모 마감 시점에서. 가지고 계신 응모권이 각각 설정되어 있는 응모에 먼저. 자동적으로 응모됩니다.
extraCampaign.application.applicationAgreementDialog.body.items.4.descriptions.8,※①において応募される際、後述する基準にしたがい、応募可能な口数が変動いたします。,※①에 대해 응모될 때. 후술 하는 기준에 따라. 응모 가능한 건수가 변동하겠습니다
extraCampaign.application.applicationAgreementDialog.body.items.4.descriptions.9,※②の応募完了時、応募規約に同意したものとみなします。\r,※②의 응모 완료시. 응모 규약에 동의 한 것으로 간주합니다. \r
extraCampaign.application.applicationAgreementDialog.body.items.4.title,応募について,응모에 대해
extraCampaign.application.applicationAgreementDialog.body.items.5.descriptions.1,■応募・当選について,■응모·당선에 대해
extraCampaign.application.applicationAgreementDialog.body.items.5.descriptions.10,・当選された権利の譲渡や転売等は禁止いたします。譲渡・転売等を目的とした応募であると判明した場合、又はお客様が応募に際し、不正行為等を行ったと弊社が判断した場合、当該応募は抽選対象外となります。また、当選発表後に当選した権利の譲渡、転売等が発覚した場合、当選は無効とし、当日のご入場をお断りさせていただきます。予めご了承ください。,·당선된 권리의 양도나 전매등은 금지하겠습니다. 양도·전매등을 목적으로 한 응모이다고 판명되었을 경우. 또는 손님이 응모에 즈음해. 부정행위등을 실시했다고 폐사가 판단했을 경우. 해당 응모는 추첨 대상외가 됩니다. 또. 당선 발표 후에 당선한 권리의 양도. 전매등이 발각되었을 경우. 당선은 무효로 해. 당일의 입장을 거절하도록 하겠습니다. 미리 양해해 주십시오.
extraCampaign.application.applicationAgreementDialog.body.items.5.descriptions.11,・応募に際してのパケット料金などの通信料はお客様のご負担となります。,·응모에 즈음하여 패킷 요금 따위의 통신료는 손님의 부담이 됩니다.
extraCampaign.application.applicationAgreementDialog.body.items.5.descriptions.12,・本応募企画は、予告なく変更または終了する場合がございます。\r,·본응모 기획은. 예고 없이 변경 또는 종료하는 경우가 있습니다. \r
extraCampaign.application.applicationAgreementDialog.body.items.5.descriptions.13,■当選後の本イベントへの参加権利確定に関する諸注意,■당선 후의 본이벤트에 참가 권리 확정에 관한 주의
extraCampaign.application.applicationAgreementDialog.body.items.5.descriptions.14,・ご当選されたお客様は、本イベントへの参加権確定のため、当選通知より遷移できるバンダイナムコIDお客様情報入力フォームより、本イベント入場時のご本人様確認に用いる情報（以下、お客様情報といいます）の登録が必要となります。登録期限までに登録いただけない場合、お客様の当選資格は無効となり、本イベントにご参加いただくことはできません。,당선된 손님은. 본이벤트에 참가권 확정을 위해. 당선 통지의 반다이 남코 ID손님 정보 입력 폼에서. 본이벤트 입장시의 본인 확인에 이용하는 정보(이하. 손님 정보라고 합니다)의 등록이 필요합니다. 등록 기한까지 등록 하실 수 없는 경우. 손님의 당선 자격은 무효가 되어. 본이벤트에 참가해 주실 수 없습니다.
extraCampaign.application.applicationAgreementDialog.body.items.5.descriptions.15,・なお、上記入力フォームよりお客様情報を入力される際には、ご自身名義のメールアドレスを用いて「バンダイナムコID」及び「Side-876 倶楽部」への会員登録を行っていただく必要がございます。,·덧붙여 상기 입력 폼에 손님 정보가 입력되는 때는. 자신 명의의 메일 주소를 이용해 「반다이 남코 ID」및 「Side-876 클럽」에 회원 등록을 실시해 받을 필요가 있습니다.
extraCampaign.application.applicationAgreementDialog.body.items.5.descriptions.16,・「バンダイナムコID」及び「Side-876 倶楽部」へは無料で会員登録いただけます。,·「반다이 남코 ID」및 「Side-876 클럽」에는 무료로 회원 등록하실 수 있습니다.
extraCampaign.application.applicationAgreementDialog.body.items.5.descriptions.17,・既に「バンダイナムコID」及び「Side-876 倶楽部」への会員登録を行っているお客様は、再度会員登録を実施いただく必要はございません。,·이미 「반다이 남코 ID」및 「Side-876 클럽」에 회원 등록을 실시하고 있는 손님은. 재차 회원 등록을 실시해 주실 필요는 없습니다.
extraCampaign.application.applicationAgreementDialog.body.items.5.descriptions.18,・お客様情報をご登録いただいた後、「バンダイナムコID」及び「Side-876 倶楽部」への会員登録の際にご登録いただいたメールアドレス宛に、本イベント当日のご本人様確認に用いるメール（以下、当日確認用メールといいます）をお送りします。,·손님 정보를 등록해 주신 후. 「반다이 남코 ID」및 「Side-876 클럽」에 회원 등록 시에 등록해 주신 메일 주소앞에. 본이벤트 당일의 본인 확인에 이용하는 메일(이하. 당일 확인용 메일이라고 합니다)을 보내 드립니다.
extraCampaign.application.applicationAgreementDialog.body.items.5.descriptions.19,・登録完了後にお客様情報を変更することはできません。,·등록 완료 후에 손님 정보를 변경할 수 없습니다.
extraCampaign.application.applicationAgreementDialog.body.items.5.descriptions.2,・お客様が未成年者の場合、法定代理人（親権者等）の同意を得てから本応募企画にご参加ください。,·손님이 미성년자인 경우. 법정 대리인(친권자등) 의 동의를 얻고 나서 본응모 기획에 참가해 주세요.
extraCampaign.application.applicationAgreementDialog.body.items.5.descriptions.20,・お客様情報の不備またはお客様の都合により当日確認用メールをお届けできない場合、本応募企画の当選は無効となりこの場合でも本イベントにご参加いただくことはできません。,"·손님 정보의 미비 또는 손님의 형편에 의해 당일 확인용 메일을 전달할 수 없는 경우, 본응모 기획의 당선은 무효가 되어 이 경우에서도 본이벤트에 참가해 주실 수 없습니다."
extraCampaign.application.applicationAgreementDialog.body.items.5.descriptions.21,・ご登録のメールアドレスにて、ドメイン指定受信を設定されている場合、【@bnlc-e.jp】からの受信許可の設定をお願いいたします。,"· 등록 메일 주소에서, 도메인 지정 수신이 설정되어 있는 경우,【@bnlc-e.jp】로부터의 수신 허가 설정을 부탁 드리겠습니다."
extraCampaign.application.applicationAgreementDialog.body.items.5.descriptions.22,・お客様のメールの設定によっては、迷惑メールフォルダに当選通知メールが受信される場合がございます。もし受信が確認できない場合など、迷惑メールフォルダも併せてご確認ください。,"·손님 메일의 설정에 따라, 스팸 메일 폴더에 당선 통지 메일이 수신되는 경우가 있습니다. 만약 수신을 확인 할 수 없는 경우, 스팸 메일 폴더도 아울러 확인해 주세요."
extraCampaign.application.applicationAgreementDialog.body.items.5.descriptions.3,・本応募企画は日本国内に在住されているお客様を対象としています。,"·본응모 기획은 일본내에 거주되고 있는 손님을 대상으로 하고 있습니다."
extraCampaign.application.applicationAgreementDialog.body.items.5.descriptions.4,・本応募企画のご当選者様発表は、抽選終了後、本イベント特設ページにて当選通知をお送りする形式で代えさせていただきます。,"·본응모 기획의 당선자님 발표는, 추첨 종료후, 본이벤트 특설 페이지에서 당선 통지를 보내 드리는 형식으로 대신하도록 해 받습니다."
extraCampaign.application.applicationAgreementDialog.body.items.5.descriptions.5,・当選通知は2019年9月上旬を予定しておりますが、都合により多少遅れる可能性がございます。予めご了承ください。,"·당선 통지는 2019년 9월 초순을 예정하고 있습니다만, 형편에 의해 다소 늦을 가능성이 있습니다. 미리 양해해 주십시오."
extraCampaign.application.applicationAgreementDialog.body.items.5.descriptions.6,・本イベントの詳細事項につきましては、ゲーム内での当選通知後、お客様情報入力時に必要となる「バンダイナムコID」及び「Side-876 倶楽部」への会員登録の際にご登録いただいたメールアドレス宛に、メールにてお知らせさせていただきます。,"·본이벤트의 상세 사항에 대해서는, 게임내에서의 당선 통지 후, 손님 정보 입력시에 필요한 「반다이 남코 ID」및 「Side-876 클럽」에 회원 등록 시에 등록해 주신 메일 주소로, 메일에서 소식받도록 합니다."
extraCampaign.application.applicationAgreementDialog.body.items.5.descriptions.7,・複数の本ゲームアカウントを利用して本応募企画に応募した場合、お客様は当選資格を失います。,"·복수의 본게임 계정을 이용해 본응모 기획에 응모했을 경우, 손님은 당선 자격을 잃습니다."
extraCampaign.application.applicationAgreementDialog.body.items.5.descriptions.8,・ご登録内容に不備がある場合は、本応募企画へのご応募は無効となりますのでご注意ください。,"· 등록 내용에 미비가 있는 경우, 본응모 기획에의 응모는 무효가 되기 때문에 주의해 주세요."
extraCampaign.application.applicationAgreementDialog.body.items.5.descriptions.9,・当選通知が届いた場合でも、本イベントへのご入場時、本応募規約への違反等の事由により、応募資格を満たさないことが確認された場合、入場をお断りさせていただく場合がございます。,"·당선 통지가 도착했을 경우에서도, 본이벤트에 입장시, 본응모 규약의 위반등의 사유에 의해, 응모 자격을 채우지 않는 것이 확인되었을 경우, 입장을 거절하는 경우가 있습니다."
extraCampaign.application.applicationAgreementDialog.body.items.5.title,本応募企画に関する注意事項,"본응모 기획에 관한 주의 사항"
extraCampaign.application.applicationAgreementDialog.body.items.6.descriptions.1,■イベント当日の本人確認について,"■이벤트 당일의 본인 확인에 대해"
extraCampaign.application.applicationAgreementDialog.body.items.6.descriptions.10,運転免許証 / パスポート / 顔写真付きマイナンバーカード / 顔写真付き住民基本台帳カード / 顔写真付き学生証 / 顔写真付き社員証 / 顔写真付き健康保険被保険者証 / その他公的機関が発行した顔写真付き身分証明書,"운전 면허증 / 패스포트 / 얼굴 사진 첨부 마이 넘버 카드 / 얼굴 사진 첨부 주민기본대장 카드 / 얼굴 사진 첨부 학생증 / 얼굴 사진 첨부 사원증 / 얼굴 사진 첨부 건강 보험 피보험자증 / 그 외 공적 기관이 발행한 얼굴 사진 첨부 신분 증명서"
extraCampaign.application.applicationAgreementDialog.body.items.6.descriptions.11,・お名前が確認できる身分証明書に該当する書類は以下のいずれかになります。,"·이름을 확인할 수 있는 신분 증명서에 해당하는 서류는 이하입니다."
extraCampaign.application.applicationAgreementDialog.body.items.6.descriptions.12,学生証 / 社員証 / 住民基本台帳カード / 健康保険被保険者証 / 住民票の写し / 母子健康手帳 / 年金手帳,"학생증 / 사원증 / 주민기본대장 카드 / 건강 보험 피보험자증 / 주민표의 사본 / 모자 건강 수첩 / 연금 수첩"
extraCampaign.application.applicationAgreementDialog.body.items.6.descriptions.13,・コピーした身分証明書、有効期限切れの身分証明書、クレジットカード、定期券、診察券、ポイントカード、公共料金払込票、マイナンバー通知カード等は有効な身分証明書には該当しません。\r,"·카피한 신분 증명서, 유효기간 조각의 신분 증명서, 크레디트 카드, 정기권, 진찰권, 포인트 카드, 공공 요금 불입표, 마이 넘버 통지 카드등은 유효한 신분 증명서에는 해당하지 않습니다. \r"
extraCampaign.application.applicationAgreementDialog.body.items.6.descriptions.14,■その他イベントについて,"■그 외 이벤트에 대해"
extraCampaign.application.applicationAgreementDialog.body.items.6.descriptions.15,・本イベントにおきましては、フラワースタンド等の祝花を受け付けさせていただく予定です。詳細は追ってご案内いたします。,"·본이벤트에서, 플라워 스탠드등의 축화를 받을 예정입니다. 자세한 것은 후에 안내하겠습니다."
extraCampaign.application.applicationAgreementDialog.body.items.6.descriptions.16,・座席は当日確認用メールにてご案内いたします。,"·좌석은 당일 확인용 메일에서 안내하겠습니다."
extraCampaign.application.applicationAgreementDialog.body.items.6.descriptions.17,・座席の指定はできません。また、座席位置は会場内からランダムに抽選させていただきます。,"·좌석의 지정은 할 수 없습니다. 또, 좌석 위치는 회장내로부터 랜덤에 추첨하도록 해 받습니다."
extraCampaign.application.applicationAgreementDialog.body.items.6.descriptions.18,・イベント会場の都合上、座席によってはご着席いただいた状態でご観覧いただきます。予めご了承ください。,"·이벤트 회장의 형편상, 좌석에 따라서는 착석한 상태로 관람해 주십니다. 미리 양해해 주십시오."
extraCampaign.application.applicationAgreementDialog.body.items.6.descriptions.19,・座席位置によっては一部見えづらい場所もございます。予めご了承ください。,"·좌석 위치에 따라서는 일부 보이기 힘든 장소도 있습니다. 미리 양해해 주십시오."
extraCampaign.application.applicationAgreementDialog.body.items.6.descriptions.2,本イベント当日は受付の混雑が予想されるため、開場時間前に本人確認を実施致します。当選されたお客様ごとに受付時間が異なりますのでご注意ください。受付時間および受付場所については当日確認用メールをご確認ください。,"본이벤트 당일은 접수의 혼잡이 예상되기 때문에, 개장 시간전에 본인 확인을 실시 합니다. 당선된 손님 마다 접수 시간이 다르기 때문에 주의해 주세요. 접수 시간 및 접수 장소에 대해서는 당일 확인용 메일을 확인해 주세요."
extraCampaign.application.applicationAgreementDialog.body.items.6.descriptions.20,・座席位置によって、見切れの度合いは異なりますのでご注意ください。,"·좌석 위치에 따라, 간격이 다르기 때문에 주의해 주세요."
extraCampaign.application.applicationAgreementDialog.body.items.6.descriptions.21,・イベント会場までの交通費、宿泊費その他のイベント参加にかかる費用は、お客様の自己負担となります。,"·이벤트 회장까지의 교통비, 숙박비 그 외의 이벤트 참가에 걸리는 비용은, 손님의 자기 부담이 됩니다."
extraCampaign.application.applicationAgreementDialog.body.items.6.descriptions.22,・イベントの前日及び深夜からのご来場はご遠慮ください。,"·이벤트의 전날 및 심야부터의 입장은 하지 말아 주세요. ,"
extraCampaign.application.applicationAgreementDialog.body.items.6.descriptions.23,・会場には駐車、駐輪を行えるスペースはございません。ご来場の際は公共の交通機関をご利用ください。,"·회장에 주차, 자전거를 세워두는 일을 실시할 수 있는 공간은 없습니다. 입장때는 공공 교통기관을 이용하십시오."
extraCampaign.application.applicationAgreementDialog.body.items.6.descriptions.24,・会場および会場近辺には喫煙所はございませんのでご了承ください。,"·회장 및 회장 부근에 흡연소는 없기 때문에 양해해 주십시오."
extraCampaign.application.applicationAgreementDialog.body.items.6.descriptions.25,・会場内外で発生した事故、盗難その他のトラブル等について、弊社は一切責任を負いません。,"·회장내외에서 발생한 사고, 도난 그 외의 트러블등에 대해, 폐사는 일절 책임을 지지 않습니다."
extraCampaign.application.applicationAgreementDialog.body.items.6.descriptions.26,・お客様が法令違反行為、第三者の権利を侵害する行為、その他弊社が不適当と判断する行為をした場合には、イベント参加の取消、会場からの排除、その他の弊社が適切と判断する対応をすることがあります。,"·손님이 법령 위반행위, 제삼자의 권리를 침해하는 행위, 그 외 폐사가 부적당이라고 판단하는 행위를 했을 경우에는, 이벤트 참가의 취소, 회장으로부터의 배제, 그 외의 폐사가 적절이라고 판단하는 대응을 하는 일이 있습니다."
extraCampaign.application.applicationAgreementDialog.body.items.6.descriptions.27,・イベント会場において、無許可での撮影または録音はかたくお断りいたします。,"·이벤트 회장에 있어, 무허가 촬영 또는 녹음은 딱딱하게 거절하겠습니다."
extraCampaign.application.applicationAgreementDialog.body.items.6.descriptions.28,・弊社が運営するサイトや各種報道媒体を通じて公開されるイベント映像または画像に、イベントに参加したお客様の肖像が映り込む場合があります。,"·폐사가 운영하는 사이트나 각종 보도 매체를 통해서 공개되는 이벤트 영상 또는 화상에, 이벤트에 참가한 손님의 초상이 비치는 경우가 있습니다."
extraCampaign.application.applicationAgreementDialog.body.items.6.descriptions.29,・イベント当日の物販はございません。,"·이벤트 당일 물건 판매는 없습니다."
extraCampaign.application.applicationAgreementDialog.body.items.6.descriptions.3,開場前受付：13:00～14:00／15:00～16:00（予定）,"개장 전접수:13:00~14:00/15:00~16:00(예정)"
extraCampaign.application.applicationAgreementDialog.body.items.6.descriptions.30,・イベントを予告なく変更または中止する場合があります。,"·이벤트를 예고 없이 변경 또는 중지하는 경우가 있습니다."
extraCampaign.application.applicationAgreementDialog.body.items.6.descriptions.4,当選されたお客様は本イベント当日、以下を必ずお持ちください。,"당선된 손님은 본이벤트 당일, 이하를 반드시 가져 주세요."
extraCampaign.application.applicationAgreementDialog.body.items.6.descriptions.5,※万が一、ご持参いただけない場合は、観覧席エリアへのご入場をお断りさせていただきます。予めご了承ください。,"※만일, 지참 하실 수 없는 경우는, 관람석 구역에 입장을 거절하도록 하겠습니다. 미리 양해해 주십시오."
extraCampaign.application.applicationAgreementDialog.body.items.6.descriptions.6,【当日ご持参いただきたいもの】,"【당일 지참해 주셨으면 싶은 것】"
extraCampaign.application.applicationAgreementDialog.body.items.6.descriptions.7,ご本人様確認のため､当日確認用メール及びお名前が確認できる身分証明書(顔写真付きの身分証明書であれば1点、お持ちでない場合は、お名前が確認できる身分証明書2点のご提示をいただきます)を本イベント受付にて確認させていただきますので必ずご持参ください。,"본인 확인을 위해서, 당일 확인용 메일 및 이름을 확인할 수 있는 신분 증명서(얼굴 사진 첨부의 신분 증명서이면 1점, 가지고 있지 않은 경우는, 이름을 확인할 수 있는 신분 증명서 2점의 제시를 받습니다)를 본이벤트 접수에서 확인하도록 해 받기 때문에 반드시 지참해 주세요."
extraCampaign.application.applicationAgreementDialog.body.items.6.descriptions.8,なお、顔写真付きの身分証明書内のお写真とご当選者様の容姿が著しく異なる場合、ご入場いただけない場合がございます。,"덧붙여 얼굴 사진 첨부의 신분 증명서내의 사진과 당선자님의 용모가 현저하게 다른 경우, 입장 하실 수 없는 경우가 있습니다."
extraCampaign.application.applicationAgreementDialog.body.items.6.descriptions.9,・顔写真付きの身分証明書に該当する書類は以下のいずれかになります。,"·얼굴 사진 첨부 신분 증명서에 해당하는 서류는 이하가 됩니다."
extraCampaign.application.applicationAgreementDialog.body.items.6.title,本イベントに関する注意事項,"본이벤트에 관한 주의 사항"
extraCampaign.application.applicationAgreementDialog.title,応募規約,응모 규약
extraCampaign.application.applyErrorDialog.text,応募期間が終了しているため\r応募できませんでした,응모 기간이 종료되었기 때문에\r응모할 수 없습니다
extraCampaign.application.applyErrorDialog.title,応募エラー,응모 에러
extraCampaign.application.applyResultDialog.comment,応募券の使用先設定を保存しました\r\r抽選は応募期間終了時点での内容で処理されます,응모권의 사용처 설정을 보존했습니다\r\r추첨은 응모 기간 종료시점에서의 내용으로 처리됩니다
extraCampaign.application.applyResultDialog.notice,応募期間中はいつでも\r何度でも応募先を変更することができます,응모 기간중 언제라도\r몇 번이라도 응모처를 변경할 수가 있습니다
extraCampaign.application.applyResultDialog.title,応募設定完了,응모 설정 완료
extraCampaign.application.applyTimeLimit,yyyy/mm/dd HH:MMまで,yyyy/mm/dd HH:MM까지
extraCampaign.application.applyTimeLimitLabel,応募期間,응모 기간
extraCampaign.application.heading,応募券の使用先を選んでください,응모권의 사용처를 선택해 주세요
extraCampaign.application.notice,必ず応募規約をお読みいただき\r内容に同意した上でご応募ください,반드시 응모 규약을 읽고\r내용에 동의 한 다음 응모해 주세요
extraCampaign.application.possessionTicketCountLabel,獲得数,획득수
extraCampaign.application.receivTimeOverNotice,受け取り期間終了,수취 기간 종료
extraCampaign.application.receiveTicketsErrorDialog.text,応募期間が終了しているため\r応募券を受け取れませんでした,응모 기간이 종료하여서\r응모권을 받아들이지 않았습니다
extraCampaign.application.receiveTicketsErrorDialog.title,応募券受け取りエラー,응모권수취 에러
extraCampaign.application.receiveTicketsResultDialog.text,%{ticketName}を\r%{ticketCount}枚獲得しました,%{ticketName}을 \r%{ticketCount}매 획득했습니다
extraCampaign.application.receiveTicketsResultDialog.title,応募券受け取り,응모권수취
extraCampaign.application.receiveTimeLimit,yyyy/mm/dd HH:MMまで,yyyy/mm/dd HH:MM까지
extraCampaign.application.receiveTimeLimitLabel,受取期間,수취 기간
extraCampaign.application.receivedNotice,受け取り済,수취함
extraCampaign.application.ticketCountUnit,枚,매
extraCampaign.application.warnings.1,A賞およびB賞に応募し、A賞に当選した場合、B賞の抽選は行われません。,"A상 및 B상에 응모해, A상에 당선됐을 경우, B상의 추첨은 행해지지 않습니다."
extraCampaign.application.warnings.2,応募先は応募期間中何度でも変更できますが、応募期間終了時に選択していた応募先に自動的に応募されます。なお、応募完了時、応募規約に同意したものとみなされます。,"응모처는 응모 기간중 몇 번이라도 변경할 수 있습니다만, 응모 기간 종료시에 선택하고 있던 응모부터 자동적으로 응모됩니다. 덧붙여 응모 완료시, 응모 규약에 동의 한 것으로 간주해집니다."
extraCampaign.result.appliedTicketArea.rewardTitles.1,A賞,A상
extraCampaign.result.appliedTicketArea.rewardTitles.2,B賞,B상
extraCampaign.result.appliedTicketArea.ticketNum,%{ticketNum}枚,%{ticketNum}매
extraCampaign.result.appliedTicketArea.title,応募総数,응모 총수
extraCampaign.result.idConfirmationDialog.description,個人情報の入力には上記の識別IDが必須となります,개인정보의 입력에는 상기의 식별 ID가 필수가 됩니다
extraCampaign.result.idConfirmationDialog.notice,このIDは当選者を識別するためのIDなので\r第三者に知られないようにしてください,이 ID는 당선자를 식별하기 위한 ID인 것로\r제삼자에게 알려지지 않도록 해 주세요
extraCampaign.result.idConfirmationDialog.title,識別ID,식별 ID
extraCampaign.result.receiveRewardResultDialog.text,%{name}を\r%{num}枚獲得しました,%{name}을 \r%{num}매 획득했습니다
extraCampaign.result.receiveRewardResultDialog.title,アイテム受け取り,아이템 수취
extraCampaign.result.rewardA.notice,期限までに個人情報の入力が完了していない場合、当選が無効となります,"기한까지 개인정보의 입력이 완료하고 있지 않는 경우, 당선이 무효가 됩니다"
extraCampaign.result.rewardState.lose,非当選,비당선
extraCampaign.result.rewardState.received,受け取り済,수취함
extraCampaign.result.rewardState.unapplied,未応募,미응모
extraCampaign.result.rewardState.waitForAnnouncement,抽選中,추첨중
gasha.gashaHistory.gashaName,「%{name}」\nで加入したアイドルです。,「%{name}」\n(으)로 가입한 아이돌입니다.
gasha.gashaHistory.noGashaHistory,ガシャの履歴はありません。,가챠의 이력은 없습니다.
gasha.stamp.complete,スタンプ報酬すべて獲得済み,스탬프 보수 모두 획득이 끝난 상태
gasha.stamp.notice.default,スタンプカードが最後まで埋まった後は1枚目～%{boardNum}枚目の内容を繰り返します,스탬프 카드가 끝까지 메워진 후엔 1장째~%{boardNum}장째의 내용을 반복합니다
gasha.stamp.notice.maxStampNum,スタンプ%{maxStampNum}個目以降はスタンプ報酬を獲得できません,스탬프%{maxStampNum}장 이후는 스탬프 보수를 획득할 수 없습니다
header.characterBirthday,誕生日特設ページ,생일 특설 페이지
header.extraCampaign,イベント特設ページ,이벤트 특설 페이지
header.gashaHistory,ガシャ履歴,가챠 이력
produceAction.eventDetailPop.title,発動中イベント,발동중 이벤트
produceItemPreparation.expiredTime,%{expiredAt}まで,%{expiredAt}까지
reporterEvent.answer.acceptInterview,取材を受ける,취재를 받는다
reporterEvent.answer.declineInterview,取材を受けない,취재를 받지 않는다
reporterEvent.answer.lesson,レッスンの様子,레슨의 모습
reporterEvent.answer.ok,これでOK,이것으로 OK
reporterEvent.answer.private,プライベートの様子,프라이버시의 모습
reporterEvent.answer.rethink,考え直す,다시 생각한다
reporterEvent.answer.work,仕事の様子,업무의 모습
reporterEvent.answerMail,密着取材の依頼だ\nどうしようか……,밀착 취재의 의뢰다\n어떻게 하지……
reporterEvent.badReporter,阿久井 徳次郎と申します──それじゃ、\n隅から隅まで取材させていただくんで、どうぞ宜しく,"아쿠이 도쿠지로라고 합니다─그러면, \n구석 구석까지 취재하기 때문에, 아무쪼록 잘 부탁드립니다"
reporterEvent.declineInterview,やめておこう。\n残念だが今回は都合がつかないな────,"그만두자. \n유감이지만 이번엔 형편이 되지 않아─"
reporterEvent.eventDetailTitle.failure,悪徳記者取材中,악덕 기자 취재중
reporterEvent.eventDetailTitle.success,敏腕記者取材中,민완 기자 취재중
reporterEvent.eventEndCutIn.endText,取材による効果の発動期間が終了しました,취재에 의한 효과의 발동 기간이 종료했습니다
reporterEvent.eventEndCutIn.failure,うちの記事のせいでアイドルの評判が落ちた？\n言いがかりはよしてください。偶然ですよ、偶然──,"우리 기사 탓으로 아이돌 평판이 떨어졌어? \n트집은 그만해 주세요. 우연이에요, 우연─"
reporterEvent.eventEndCutIn.success,素敵なお話をありがとうございました！\nこれからのご活躍も楽しみにしております──！,"멋진 이야기 감사합니다! \n 앞으로의 활약도 기대하고 있습니다─!"
reporterEvent.goodReporter,敏腕通信社『週刊イチオシ！』編集部の善村 良子です！\n%{name}様の魅力を伝えられるように努めます！,"민완 통신사 『주간 이치오시!』편집부의 요시무라 료우코입니다! \n%{name}님의 매력을 전하도록 노력합니다!"
reporterEvent.incomingMail,『%{name}様のご活躍を拝見し、\n是非とも、お話を伺いたいと────────』,"『%{name}님의 활약을 보며, \n 부디, 이야기를 듣길 희망합니다─』"
reporterEvent.selectInterviewType,よし！　それじゃあ、\nどんな記事にしてもらおうか？,"좋아! 그러면, \n어떤 기사로 받을까?"
reporterEvent.speaker.badReporter,悪徳記者,악덕 기자
reporterEvent.speaker.goodReporter,敏腕記者,민완 기자
shop.applyCampaignConfirmation.notices.1,購入前に必ず応募規約をお読みください,구입전에 반드시 응모 규약을 읽어 주세요
shop.applyCampaignConfirmation.notices.2,購入時に応募規約に同意したものとみなします,구입시에 응모 규약에 동의 한 것으로 간주합니다
shop.applyCampaignConfirmation.title,購入確認,구입 확인
shop.dayLimit,%{limit}/日,%{limit}/일
shop.monthLimit,%{limit}/月,%{limit}/월
shop.packageDialog.itemNameAndNum,%{name} × %{num},
shop.packageDialog.noticeLimitText,【有効期限】%{expireDate},【유효기간】%{expireDate}
shop.smallTabTitles.money.all,ALL,
skinDetail.concertOnlyNotice,衣装変更対象はライブ衣装のみとなり、\r私服衣装は変更されません。,"의상 변경 대상은 라이브 의상만 되어,\r사복 의상은 변경되지 않습니다."
skinDetail.plainOnlyNotice,衣装変更対象は私服衣装のみとなり、\rライブ衣装は変更されません。,"의상 변경 대상은 사복 의상만 되어,\r라이브 의상은 변경되지 않습니다."
training.resultTitleSuper,トレーニング超成功,"트레이닝 초성공"
training.successType.great,大成功,대성공
training.successType.super,超成功,초성공
training.trainingTicketReturn.message,%{type}ボーナスの余剰Exp分を\rブロンズトレーニングチケットに変換して\rプレゼントに送りました,"%{type}보너스의 잉여 Exp분을\r브론즈 트레이닝 티켓으로 변환해\r선물로 보냈습니다"
training.trainingTicketReturn.title,トレーニングキャンペーン,트레이닝 캠페인