title,trans
New Target,New Target
Winner ?,Winner?
Break,Break
Appeal,Appeal
Heat Up,Heat Up
Loser ?,Loser?
Center,Center
『Rival』,『Rival』
出るんだって、虹,"나온대, 무지개"
シャイニーの日 2020 特別コミュ,샤이니의 날 2020 특별 커뮤
門の中にて,정문 안쪽에서
カウンセラー室にて,상담실에서
Romeo×Root,Romeo×Root
Juliet×Root,Juliet×Root
Rose×Root,Rose×Root
賑やかな少女たち,떠들썩한 소녀들
仲良しの少女たち,사이좋은 소녀들
愛らしい少女たち,사랑스러운 소녀들
仲間たる少女たち,동료를 소중히하는 소녀들
鋭角なる少女たち,날카로운 소녀들
同僚の教師と,동료 교사와
Secret×Root,Secret×Root
Secret×Besties,Secret×Besties
Secret×Company,Secret×Company
Secret×Full power,Secret×Full power
Secret×Fragrance,Secret×Fragrance
Secret×Not round,Secret×Not round
窓辺にて,창가에서
あって思った,앗 하고 생각했어
人生,인생
あれって思った,어라 하고 생각했어
ていうか、思い込んでた,"그것보다, 믿고 있었어"
ちゃんとやるから,제대로 할 테니까
嬉しいってこと,기쁘다는 것
人生、長いから,"인생, 기니까"
夜に待つ,밤에 기다리다
カメラ・レンズに笑う,카메라 렌즈에 웃다
バウンダリー,바운더리
二酸化炭素濃度の話,이산화탄소 농도 이야기
心臓を握る,심장을 쥐다
風穴,풍혈
蛇足,사족
なりたいものなあに,되고 싶은 건 뭐어니
想いはお砂糖づけ,마음은 설탕 절임
ガラスの嘘,유리 거짓말
背中みっつ,세 개의 등
いまは小さな糸だけど,지금은 작은 실이지만
ごめんなさいはなし,죄송해요는 금지
ここにおいでよ,이곳으로 와
HAPPINESS♡,HAPPINESS♡
"One,Two,Three","One,Two,Three"
Bitter×coffee,Bitter×coffee
(unknown),(unknown)
take the cake!,take the cake!
GO!LUCKY!,GO!LUCKY!
Make you happy,Make you happy
公園の歌声,공원의 노랫소리
自信のありか,자신감의 소재
ありのままで,있는 그대로
頑張りすぎ,지나친 노력
自分を信じて,스스로를 믿고
あんをつつむあったかい気持ち,팥소를 감싸는 따뜻한 마음
シーズン1（クリア）,시즌 1 ( 클리어 )
シーズン1（失敗）,시즌 1 ( 실패 )
シーズン2（クリア）,시즌 2 ( 클리어 )
シーズン2（失敗）,시즌 2 ( 실패 )
シーズン3（クリア）,시즌 3 ( 클리어 )
シーズン3（失敗）,시즌 3 ( 실패 )
シーズン4（クリア）,시즌 4 ( 클리어 )
シーズン4（失敗）,시즌 4 ( 실패 )
始まり、もう一度,"시작을, 다시 한 번"
『頑張りたい』,『노력 하고 싶어』
空が赤いから,하늘이 붉으니까
雲なんて吹き飛ばして,구름 따윈 날려버리고
星たちは駆けて輝く,별들은 달리며 반짝인다
オーディション後①,오디션 후 ①
オーディション後③,오디션 후 ③
オーディション後②,오디션 후 ②
オーディション後④,오디션 후 ④
Morning①,Morning①
Morning②,Morning②
Morning③,Morning③
Morning④,Morning④
Morning⑤,Morning⑤
Morning⑥,Morning⑥
Morning⑦,Morning⑦
Morning⑧,Morning⑧
Morning⑨,Morning⑨
Morning⑩,Morning⑩
Morning⑪,Morning⑪
Morning⑫,Morning⑫
Morning⑬,Morning⑬
Morning⑭,Morning⑭
Morning⑮,Morning⑮
オーディション前①,오디션 전 ①
オーディション前②,오디션 전 ②
オーディション前③,오디션 전 ③
オーディション前④,오디션 전 ④
オーディション前⑤,오디션 전 ⑤
オーディション前⑥,오디션 전 ⑥
オーディション後 勝利①,오디션 후 승리 ①
オーディション後 勝利②,오디션 후 승리 ②
オーディション後 敗北①,오디션 후 패배 ①
オーディション後 敗北②,오디션 후 패배 ②
準決勝前コミュ,준결승 전 커뮤
敗退コミュ,패퇴 커뮤
準決勝後コミュ,준결승 후 커뮤
決勝前コミュ,결승 전 커뮤
決勝後コミュ,결승 후 커뮤
未来へ羽ばたく,미래로 날아가다
これからも飛んでいきたい,앞으로도 날아가고 싶어
感謝祭本番前（ユニット）,감사제 본선 전 ( 유닛 )
感謝祭本番後（通常）,감사제 본선 후 ( 통상 )
感謝祭本番後（MVP）,감사제 본선 후 ( MVP )
何度だって最高の晴れにしよう,몇 번이라도 최고로 맑은 하늘을 만들자
リハーサル前,리허설 전
リハーサル後,리허설 후
感謝祭本番前,감사제 본선 전
きらめきを詰めてすすむしっぽ,반짝임을 담고 나아가는 꼬리
【’19Xmas】ハンドクリーム,【’19Xmas】 핸드 크림
【’19Xmas】ケーキ,【’19Xmas】 케이크
【’19Xmas】イルミネーション,【’19Xmas】 일루미네이션
【’19Xmas】真乃・ブランケット,【’19Xmas】 마노・블랭킷
【櫻木 真乃】2020バレンタインコミュ,【사쿠라기 마노】 2020 발렌타인 커뮤
予感,예감
アプリコット,애프리콧
反対ごっこ,반대로 말하기 놀이
そして彼女はインターホンを鳴らす,그리고 그녀는 인터폰을 울린다
ふたつの夜,두 개의 밤
こわい,무서워
薄桃色にこんがらがって,연분홍색으로 얽히며
エンドロールは流れない,엔드롤은 흐르지 않아
拝啓、階段の先の君へ,"삼가 아뢰옵니다, 계단 끝의 너에게"
温かいうちに,따뜻할 때에
まだ帰りたくない,아직 돌아가고 싶지 않아
夜の食堂にて,밤의 식당에서
夕焼け小焼けで,석양이 가볍게 지며
ファイ、オー！,"파이, 팅 !"
鬼は外、福は内,"귀신은 밖으로, 복은 안으로"
追伸、写真を添えて送ります,"추신, 사진을 첨부해서 보냅니다"
[behind]283production,[behind]283production
[behind]ichibanboshi,[behind]샛별
[behind]usachiyokame,[behind]우사치요카메
[behind]maria,[behind]maria
[behind]hermes,[behind]hermes
[behind]seishun_jersey,[behind]청춘_저지
[behind]pi-chan,[behind]피쨩
[edit],[edit]
13:15 PM,13:15 PM
13:32 PM,13:32 PM
14:11 PM,14:11 PM
14:48 PM,14:48 PM
15:06 PM,15:06 PM
16:57 PM,16:57 PM
17:46 PM,17:46 PM
added time アマクナイヨル,added time 달콤하지 않은 밤
秋うららの物語,화창한 가을 이야기
ガクエンサイGOGO！,학원제 GOGO !
Who are you?,Who are you?
みなそこで息を止めて,모두 거기서 숨을 멈추고
ううん,아니
invent laughter,invent laughter
魚と虹のワルツを,물고기와 무지개의 왈츠를
呼吸のソルフェージュ,호흡의 솔페주
お下がりくださいっ,물러나 주세요
キャラメルのバラッド,캐러멜의 발라드
ちょっとした荒事,약간의 용맹한 연기
ラ・ラ・ラ・ミルキィウェイ,라・라・라・밀키웨이
ジャストライクキョンシーブルース,저스트 라이크 강시 블루스
鳴かないでベイビー,울지 말아줘 베이비
轟・銀河暴走幸福論,콰광・은하폭주행복론
ローリンストーンのように,롤링 스톤처럼
うさぎがぴょん,토끼가 뿅
いっしょにつこう,같이 만들자
おいしくなあれ,맛있어져라
もうちょっとだね,이제 조금 남았네
できたよ！,완성이야!
いつか、いつかは,"언젠가, 언젠가는"
ただいま、おかえり,"어서 와, 다녀왔어"
はじまり、はじまり,시작할게요
朝の物語,아침 이야기
昼の物語,낮 이야기
夜の物語,밤 이야기
時の物語,시간 이야기
鏡の物語,거울 이야기
湯の物語,욕탕 이야기
銀河の冒険,은하 모험
夏休みの秘密,여름 방학의 비밀
GIRL MEETS,GIRL MEETS
FREEDOM,FREEDOM
ENTER MEI！,ENTER MEI!
SING IT！！,SING IT!!
INVISIBLE,INVISIBLE
FALSE ,FALSE
LIBERTY,LIBERTY
WE WILL,WE WILL
見ない顔ですね,못보던 얼굴이군요
ソノダチヨコです！,소노다 치요코예요!
理由なんて必要かしら？,이유같은 게 필요할까 ?
校内での抗争、乱闘の一切を禁ず,"교내에서의 항쟁, 난투 일체 금지"
自由への導火線,자유로의 도화선
寒すぎだよ,너무 차가워
喧嘩するには十分な理由だろ,싸우기엔 충분한 이유잖아
覚悟しろ！,각오해 !
サイコロツアー、スタート！,"주사위 투어, 스타트!"
Keep／Problem／Try,Keep／Problem／Try
甜花は大丈夫,텐카는 괜찮아
ふたりとひとりの夜,두 사람과 한 사람의 밤
大人じゃないんだもん,어른이 아니라구
『プロブレム』,『프라블럼』
にっこりまで,방긋할 때까지
Happy Ending Story,Happy Ending Story
レンジでチン！,렌지로 땡!
キラ・キラ・ピク,반짝 ・반짝・피크닉
だから、エールを,"그러니까, 응원을"
アンティーカ・ポリシー,안티카・폴리시
上を見て歩いていれば,위를 보고 걷다 보면
５つの紋章,다섯 개의 문장
（再）トレジャーハント,(재) 트레저 헌트
春色の時間、そして,"봄빛의 시간, 그리고"
魔法のような、恋の香りを,"마법 같은, 사랑의 향기를"
碧色の妖精は乙女心を揺らす,푸른빛 요정은 처녀의 마음을 흔든다
青磁色の妖精は魔法をかける,청잣빛 요정은 마법을 건다
桃色の妖精は春の風にのって,복숭앗빛 요정은 봄바람을 타고
紫色の妖精は恋の夢を見るか？,보랏빛 요정은 사랑의 꿈을 꾸는가?
妖精たちは遊び好き！,요정들은 노는 걸 좋아해!
水縹色の妖精は風を歌う,물빛 요정은 바람을 노래한다
マジーア・アンティーカ,마지아・안티카
見えない、ヒカリの先,"보이지 않는, 빛의 너머"
彼女の輝き,그녀의 반짝임
思いがけない到着駅,뜻밖의 도착역
彼女のキラメキ,그녀의 반짝임
ふたりにはあるのに,두 사람에겐 있는데
私の場所,내가 있을 장소
あのね、あるの、悩み事,"저기, 있어, 고민"
ヒカリの先,빛의 너머
あたま隠して尻隠さず,머리만 숨긴 채 엉덩이는 숨기지 않는다
げたと焼き味噌,나막신과 구운 된장
おにに金棒,호랑이에 날개
めの上のたんこぶ,눈엣가시
こころざしは松の葉,마음가짐은 솔잎
とおくの一家より近くの隣,"먼 친척보다, 가까운 이웃"
よめ遠目笠の内,밤에 멀리서 우산 속에서
ろんご読みの論語知らず,논어를 읽되 논어를 모르다
パーティー・チューニング,파티・튜닝
泥棒！？,도둑!?
危険なクリスマスイブ,위험한 크리스마스 이브
キラキラノンシュガートラップ,반짝반짝 논 슈가 트랩
この味を飲み干して……,이 맛을 남김없이……
くいあらためてください,잘못을 뉘우쳐 주세요
観念せよ！トナカイ,포기해라! 루돌프
サンタさんつかまえた,"산타님, 잡았다"
ようこそ L'Antic WORLD,환영합니다 L'Antic WORLD
イタズラ or Trick,장난 or Trick
運命の鍵・捜索中……,운명의 열쇠・수색중……
送出大作戦☆君に会えてよかった,송출대작전☆너와 만나서 다행이야
いらっしゃいませ、いただきます,"어서 오세요, 잘 먹겠습니다"
絵画迷宮・解き明かさないで,회화 미궁・풀지 말아줘
救出大作戦☆信じるのは、君,"구출대작전☆믿는 것은, 너"
私の大切な人,내 소중한 사람
夏の依頼は突然に,여름의 의뢰는 급작스럽게
ヤキソバ・プロテイン・藁人形,야끼소바・프로틴・짚 인형
Mission:Break,Mission:Break
放課後、想いは置手紙に込めて,"방과 후, 마음은 편지에 담아서"
いつもよりサイコー,평소보다 더 최고
ハプニングはピーヒョロロ,해프닝은 삐효로로
トリ戻す大作戦！,되찾기 대작전!
きっと忘れない夏の光,절대 잊을 수 없는 여름의 빛
私達の目的地,우리들의 목적지
パールホワイト,펄 화이트
天と地、屈折,"하늘과 땅, 굴절"
甜花の敵じゃない,텐카의 적수가 못 돼
私をもっと知りたくて,나를 좀 더 알고 싶어
まごころ・みっつ重ねて,진심・셋을 겹쳐서
私達の幸福論,우리들의 행복론
花ざかり、これからも。,"꽃 한창때, 앞으로도."
特訓！？レッスン合宿は学校で,특훈!? 레슨 합숙은 학교에서
SCHOOL COOL SCHOOL,SCHOOL COOL SCHOOL
ちょこ先輩のユウシ,쵸코 선배의 유지
白熱★枕投げ大会！！,달아올라★배게싸움 대회
座禅ってすごいのよ,좌선이란 건 굉장하다니까
肝試し★６人一緒なら怖くない！,담력 시험★6명 함께라면 무섭지 않아!
灯る想いは写真の中に,불붙은 마음은 사진 속에
クライマックスは終わらない！,클라이맥스는 끝나지 않아!
運命の鍵・プレリュード,운명의 열쇠・프렐류드
走り続けるために,계속 달리기 위해서
別腹☆カラオケタイムばい！,또 다른 목☆노래방 타임이여!
凛と咲く、そのために,늠름하게 피어나기 위해서
you/I/we,you/I/we
心、揃えたいから……,마음을 모으고 싶으니까......
『L’Antica』,『L’Antica』
運命の鍵・シンフォニー,운명의 열쇠・심포니
輝きの始まり,빛의 시작
チカチカ、小さく瞬くみたいな,"반짝반짝, 자그마하게 반짝이는 것 같은"
翳る前に、曇る前に,"그늘지기 전에, 흐려지기 전에"
もう１度、ここから,"다시 한 번, 여기서 부터"
１番輝く、そのために,"가장 반짝인다, 그것을 위해서"
３人だから灯せたもの,세 명이기에 피울 수 있는 것
想いを重ねて、支えを光に,"마음을 쌓아, 기둥을 빛으로"
illumination STARS,illumination STARS
天井社長,아마이 사장
イルミネーションスターズ,일루미네이션 스타즈
アンティーカ,안티카
放課後クライマックスガールズ,방과 후 클라이맥스 걸즈
アルストロメリア,알스트로메리아
ストレイライト,스트레이 라이트
櫻木 真乃,사쿠라기 마노
風野 灯織,카자노 히오리
八宮 めぐる,하치미야 메구루
月岡 恋鐘,츠키오카 코가네
田中 摩美々,타나카 마미미
白瀬 咲耶,시라세 사쿠야
三峰 結華,미츠미네 유이카
幽谷 霧子,유코쿠 키리코
小宮 果穂,코미야 카호
園田 智代子,소노다 치요코
西城 樹里,사이죠 쥬리
杜野 凛世,모리노 린제
有栖川 夏葉,아리스가와 나츠하
大崎 甘奈,오사키 아마나
大崎 甜花,오사키 텐카
桑山 千雪,쿠와야마 치유키
芹沢 あさひ,세리자와 아사히
黛 冬優子,마유즈미 후유코
和泉 愛依,이즈미 메이
シャイニーの日　特別コミュ,샤이니의 날 특별 커뮤
正直者の頭に神宿る,정직한 사람의 머리엔 신이 깃든다
ドキドキはぁとふる,두근두근 하트풀
非日常のお誘い,비일상으로의 권유
スーパーアイドル登場！？,슈퍼 아이돌 등장 ! ?
プロデューサーじゃない！,프로듀서가 아니야!
クライマックスは絶体絶命！？,클라이막스는 절체절명!?
運命のイタズラ……？,운명의 장난……?
恋鐘と甘奈,코가네랑 아마나
真乃と果穂,마노랑 카호
クールで真面目な女の子,쿨하고 성실한 여자아이
とっておきのおまじない,비장의 주문
アイドル失格,아이돌 실격
少しずつ進みたい,조금씩 나아가자
ファンのため、自分のため,"팬을 위해서, 나를 위해서"
言ってませんでしたけど,말할 수 없지만
諦められない夢,포기할 수 없는 꿈
夢の続きはどこまでも,꿈은 어디까지라도 이어진다
わかってますから,알고 있으니까요
【風野 灯織】 誕生日ミニコミュ①,【카자노 히오리】 생일 미니 커뮤①
【’19Xmas】占いの本,【’19Xmas】 운세보는 책
【’19Xmas】旅のガイドブック,【’19Xmas】 여행 가이드 북
【’19Xmas】星空の写真集,【’19Xmas】 밤하늘의 사진
【’19Xmas】灯織・ヒーリングCD,【’19Xmas】 히오리ㆍ힐링 CD
【風野 灯織】2020バレンタインコミュ,【카자노 히오리】 2020발렌타인 커뮤
輝きはめまぐるしく,빛은 눈부시게
アイドルとして,아이돌로서
無限に広がる未来への,무한히 펼쳐지는 미래로
大切、選べないから。,"소중한 것은, 고를 수 없으니까."
これがわたしだから,이게 나니까
『きんいろ』の,『금빛』의
後ろは振り向かない,뒤는 돌아보지 않아
たくさんの応援を力に変えて,많은 응원을 힘으로 바꿔서
『ほんとう』の,『진정함』의
【’19Xmas】フェイスタオル,【’19Xmas】 페이스타올
【’19Xmas】はちみつアソートセット,【’19Xmas】 여러가지 벌꿀 세트
【’19Xmas】パイントアイス,【’19Xmas】 파인트 아이스크림
【’19Xmas】めぐる・ネクタイピン,【’19Xmas】 메구루・넥타이 핀
【八宮 めぐる】2020バレンタインコミュ,【하치미야 메구루】 2020 발렌타인 커뮤
長崎生まれの無敵ガール,나가사키 출신의 무적 걸
うちならできるたい！,내라믄 할 수 있어야!
ひとりのステージ,혼자 만의 스테이지
めげないハート,굴하지 않는 하트
一歩先へ,한 걸음 앞으로
ろまん、ど～ぞ♡,"로망, 자～♡"
ミユア・ノ・レゾレソ,음걸・의・자각
デイナ・シイ・パンシ,줘아말・지하・정걱
モテク・ナ・デココ,도라더・없・에기여
ヤケン・イウトヨ,긍께・말하는 거여
ねえ、アンティーカ,"있지, 안티카"
負けん,지지 않어야
うちばい、月岡恋鐘ばい～！,"내여라, 코가네여라 ~ !"
──うん、アンティーカ,"──응, 안티카"
宇宙、ど～ぞ♡,"우주, 여～기♡"
【月岡 恋鐘】 誕生日ミニコミュ①,【츠키오카 코가네】 생일 미니 커뮤①
【’19Xmas】お菓子の入ったサンタブーツ,【’19Xmas】과자가 든 산타 부츠
【’19Xmas】マグカップ,【’19Xmas】머그 잔
【’19Xmas】恋鐘・マフラー,【’19Xmas】코가네・머플러
【月岡 恋鐘】2020バレンタインコミュ,【츠키오카 코가네】 2020 발렌타인 커뮤
My hidden heart,My hidden heart
満ち欠けマイペース,왔다 갔다 마이페이스
あまのじゃく,심술꾸러기
私に足りないもの,나에게 부족한 것
たぶん大切だから,아마 소중하니까
暑苦しいヒト,후텁지근한 사람
その瞳が目指す場所,그 눈동자가 향하는 장소
My real heart,My real heart
まだまだ・モア,아직아직・좀더
【’19Xmas】入浴剤,【’19Xmas】입욕제
【’19Xmas】本,【’19Xmas】책
【’19Xmas】ボディクリーム,【’19Xmas】바디크림
【’19Xmas】摩美々・プリン,【’19Xmas】마미미・푸딩
【田中 摩美々】2020バレンタインコミュ,【타나카 마미미】2020 발렌타인 커뮤
華麗なる少女,화려한 소녀
彼女の魅力,그녀의 매력
親愛なるファンへ,친애하는 팬에게
努力と休養,노력과 휴양
深まるアナタへの信頼,깊어지는 당신에의 신뢰
球体なる海に両手を広げ,구체의 바다에 양손을 벌려라
笑顔のために,웃는 얼굴을 위해서
これからも隣で……,앞으로도 곁에서......
セントエルモの火を見上げ,세인트 엘모의 불을 우러러 보다
【’19Xmas】フォトフレーム,【’19Xmas】포토 프레임
【’19Xmas】コーヒーカップ,【’19Xmas】커피 컵
【’19Xmas】うさぎのぬいぐるみ,【’19Xmas】토끼 인형
【’19Xmas】咲耶・ネクタイ,【’19Xmas】사쿠야・넥타이
【白瀬 咲耶】2020バレンタインコミュ,【시라세 사쿠야】 2020 발렌타인 커뮤
雨の中で光る原石,빗속에서 빛나는 원석
初めてはソツなく？,처음에는 실수없이?
ひらり、かわして,"슬쩍, 피하며"
湖の奥なんて知らなくていいのに,호수의 안쪽따윈 몰라도 됐을 텐데
ここからがスタート,여기부터가 스타트
見つかったら負けという話,들킨다면 져버린다는 이야기
悔しさがあふれ出しても,분한 마음이 흘러넘친다 해도
覚めない夢のその先で,깨지 않는 꿈 그 앞에서
そっと教えてあげましょう,살짝만 가르쳐 줄게요
【三峰 結華】 誕生日ミニコミュ①,【미츠미네 유이카】 생일 미니 커뮤①
【’19Xmas】プレゼント希望申請書,【’19Xmas】 선물 희망 신청서
【’19Xmas】コンビニのケーキ,【’19Xmas】 편의점 케이크
【’19Xmas】お菓子付きのサンタのパペット,【’19Xmas】 과자가 달린 산타 인형
【’19Xmas】結華・クリスマスカード,【’19Xmas】 유이카・크리스마스 카드
【三峰 結華】2020バレンタインコミュ,【미츠미네 유이카】2020 발렌타인 커뮤
包帯の女の子,붕대를 감은 여자애
みえない献身,보이지 않는 헌신
優しい失敗,상냥한 실패
マイステージ,마이 스테이지
わたしのしるし,나의 상징
おいのり,기도
誰か,누군가
あの日,그 날
ふねがでます,배가 떠납니다
【幽谷 霧子】 誕生日ミニコミュ①,【유코쿠 키리코】생일 미니 커뮤①
【’19Xmas】ポインセチア,【’19Xmas】포인세티아
【’19Xmas】赤と緑のシート,【’19Xmas】적녹색 시트
【’19Xmas】折り紙の時計,【’19Xmas】종이접기 시계
【’19Xmas】霧子・アロマキャンドル,【’19Xmas】키리코・아로마 캔들
【幽谷 霧子】2020バレンタインコミュ,【유코쿠 키리코】2020 발렌타인 커뮤
目指せ、ヒーロー！,"노려라, 히어로 !"
太陽のような存在,태양과 같은 존재
アイドルとヒーローと,아이돌과 히어로와
誰かにとって特別な,누군가에게 있어서 특별한
憧れの存在,동경하는 존재
目覚めよ、かなたのツルギ！,"눈을 떠라, 저편의 검"
お疲れ様です,수고하셨습니다
ただいま,다녀왔습니다
おかえりなさい,어서오세요
（また明日）,（또 다음날）
いただきます　ごちそうさま,잘 먹겠습니다 잘 먹었습니다
悔しさをバネに,분함을 발판으로
ヒーローアイドル大勝利！,히어로 아이돌 대승리 !
──いってきます！,──다녀오겠습니다!
こなたのツルギ、再び眠れ！,"검이여, 다시 잠들어라 !"
【’19Xmas】柴犬柄のミニトートバッグ,【’19Xmas】 시바견 무늬의 미니 토트백
【’19Xmas】インスタントカメラ,【’19Xmas】 인스턴트 카메라
【’19Xmas】フォトブックギフト券,【’19Xmas】포토 북 상품권
【’19Xmas】果穂・駄菓子詰め合わせ,【’19Xmas】카호・막과자 종합세트
【小宮 果穂】2020バレンタインコミュ,【코미야 카호】 2020 발렌타인 커뮤
ハロー・スイート・チョコレート,헬로・스위트・초콜릿
チョコレート迷宮,초콜릿 미궁
ビッグチャンスにご用心,빅 찬스에 주의
ビターorスイートor……？,비터 or 스위트 or ……?
アクシデントとチョコアイドル,액시던트와 쵸코 아이돌
幸せ溶かしてチョコレート！,행복을 녹인 초콜릿!
とけない甘い夢,녹지 않은 달콤한 꿈
ディア・マイ・チョコレート,디어・마이・초콜릿
チョコアイドルより愛を込めて！,"쵸코 아이돌보다도, 사랑을 담아서!"
【園田 智代子】 誕生日ミニコミュ①,【소노다 치요코】생일 미니 커뮤①
【’19Xmas】食べられないチョコレート,【’19Xmas】못 먹는 초콜릿
【’19Xmas】手作りのチョコレート,【’19Xmas】 수제 초콜릿
【’19Xmas】限定のチョコレート,【’19Xmas】한정 초콜릿
【’19Xmas】智代子・特製のチョコレート,【’19Xmas】치요코・특제 초콜릿
【園田 智代子】2020バレンタインコミュ,【소노다 치요코】 2020 발렌타인 커뮤
バッドガール・ミーツ……,Bad Girl・만나다......
ここから、アタシらしく,"여기서부터, 나답게"
輝きの可能性,반짝임의 가능성
いちばん最初の気持ち,가장 처음의 감정
きっと飛び立つから,반드시 날아오를테니까
ここで、アタシらしく,"여기서, 나답게"
無駄じゃない、無駄にしない,"헛되지 않아, 헛되이 하지 않아"
アイドル・ヒトリゴト,아이돌・혼잣말
アタシたちらしく,우리들답게
【西城 樹里】 誕生日ミニコミュ①,【사이죠 쥬리】 생일 미니 커뮤①
【’19Xmas】ホリデーポップコーン,【’19Xmas】홀리데이 팝콘
【’19Xmas】ニット帽,【’19Xmas】니트 모자
【’19Xmas】ライオンのクッション,【’19Xmas】사자 쿠션
【’19Xmas】樹里・ボールペン,【’19Xmas】쥬리・볼펜
【西城 樹里】2020バレンタインコミュ,【사이죠 쥬리】2020 발렌타인 커뮤
運命の出会い,운명의 만남
アイドル優等生,아이돌 우등생
見えない心,보이지 않는 마음
見つめる先に,응시하기 전에
揺れる瞳,흔들리는 눈동자
ゆめな忘れそ,꿈에도 잊지 말지어다
漕ぎいでな,헤쳐나가자
世界,세계
ゆかなこのそら,바라건대 이 하늘
【杜野 凛世】 誕生日ミニコミュ①,【모리노 린제】 생일 미니 커뮤①
【’19Xmas】なんでも券,【’19Xmas】뭐든지 권
【’19Xmas】お香,【’19Xmas】향
【’19Xmas】俺の歌,【’19Xmas】나의 노래
【’19Xmas】凛世・カメのマスコット,【’19Xmas】린제・거북이 마스코트
【杜野 凛世】2020バレンタインコミュ,【모리노 린제】2020 발렌타인 커뮤
私の流儀,나의 방식
夢のために,꿈을 위해서
迷う心,방황하는 마음
私は私だから,나는 나니까
スポットライト,스포트라이트
photosynthesis,photosynthesis
ファンの支え,팬의 지지
あなたとなら絶対に,당신과 함께라면 반드시
私の色,나의 색
【有栖川 夏葉】 誕生日ミニコミュ①,【아리스가와 나츠하】생일 미니 커뮤①
【’19Xmas】紅茶,【’19Xmas】홍차
【’19Xmas】プロテイン,【’19Xmas】프로틴
【’19Xmas】カトレアのおやつ,【’19Xmas】카틀레아 간식
【’19Xmas】夏葉・キーケース,【’19Xmas】나츠하・키 케이스
【有栖川 夏葉】2020バレンタインコミュ,【아리스가와 나츠하】2020 발렌타인 커뮤
笑顔の輝き,미소의 빛
甘奈の資質,아마나의 자질
ジェミニ,제미니
不安な時期,불안한 시기
growing sweet,growing sweet
Happily ever after,Happily ever after
ワンス・アポン・ア・タイム,원스・어폰・어・타임
ハッピーエンドの先だとしたら,해피엔드의 너머라고 하면
知りせば覚めざらましを,알았더라면 깨어나지 않았으리라
ビビ・バビ・ピンヒール,비비・바비・핀힐
いつまでも、いつまでも,"언제까지나, 언제까지나"
無理をしてでも,무리를 해서라도
一等星の体温,일등성의 체온
花よ、時よ、そのまにまに,"꽃이여, 시간이여, 그 흐름대로"
Go to the future A,Go to the future A
【大崎 甘奈】 誕生日ミニコミュ①,【오사키 아마나】 생일 미니 커뮤①
【’19Xmas】大きいクリスマスケーキ,【’19Xmas】커다란 크리스마스 케이크
【’19Xmas】水族館のペアチケット,【’19Xmas】수족관의 페어티켓
【’19Xmas】髪飾り,【’19Xmas】머리장식
【’19Xmas】甘奈・ネクタイ,【’19Xmas】아마나・넥타이
【大崎 甘奈】2020バレンタインコミュ,【오사키 아마나】2020 발렌타인 커뮤
眠る可能性,잠자는 가능성
最初の一歩,최초의 한 걸음
だけど、それでも,"하지만, 그래도"
誰でもない甜花を,그 누구도 아닌 텐카를
月はやがて輝いて,달은 이윽고 빛나며
三歩進んで、眠り姫,"세 걸음 나아가는, 잠자는 공주님"
だから、一緒にいてほしい,"그러니까, 같이 있어줬으면 해"
お月様、きらり,"달님, 반짝"
数歩さがって、眠り姫,"몇 걸음 물러서는, 잠자는 공주님"
【大崎 甜花】 誕生日ミニコミュ①,【오사키 텐카】 생일 미니 커뮤①
【’19Xmas】デビ太郎ぬいぐるみ,【’19Xmas】데비타로 인형
【’19Xmas】アイマスク,【’19Xmas】수면안대
【’19Xmas】ゲームソフト,【’19Xmas】게임 소프트
【’19Xmas】甜花・ゲームコントローラー,【’19Xmas】텐카・게임 컨트롤러
【大崎 甜花】2020バレンタインコミュ,【오사키 텐카】2020 발렌타인 커뮤
優しいひと,상냥한 사람
新人のお仕事,신인의 일
これからのこと,앞으로의 일
千雪の決意,치유키의 결의
そして私は,그리고 나는
夢の中へ,꿈속으로
感謝してます,감사하고 있어요
やりたいこと、全部,하고 싶은 거 전부
マロウのハーブティー,멜로우 허브티
【’19Xmas】レトルトの中華丼,【’19Xmas】즉석 중화덮밥
【’19Xmas】ハーバリウム,【’19Xmas】하바리움
【’19Xmas】クマのぬいぐるみ,【’19Xmas】곰 인형
【’19Xmas】千雪・ハンカチ,【’19Xmas】치유키・손수건
【桑山 千雪】2020バレンタインコミュ,【쿠와야마 치유키】2020 발렌타인 커뮤
未知への高揚,미지를 향해 고양된 마음
刹那への違和感、芽生え,"찰나의 위화감, 싹트다"
見えぬ道筋,보이지 않는 길
その心、飽くことなし,그 마음은 만족할 줄 모른다
昇華する探究,승화하는 탐구
空の青さを知る者よ,하늘의 푸르름을 아는 자여
The story so far,The story so far
One step,One step
Farce,Farce
error code:017,error code:017
Shall we dance?,Shall we dance?
悔しさを抱いてこそ,분한 마음을 안고 있어야만
未だ見ぬものへ、共に,"아직 보지 못한 것을 향해, 함께"
（not?）Stray light,（not?）Stray light
やがて、海の広さを知る者よ,"이윽고, 바다의 넓이를 아는 자여"
【芹沢 あさひ】 誕生日ミニコミュ①,【세리자와 아사히】생일 미니 커뮤①
【’19Xmas】観覧車に乗る,【’19Xmas】관람차를 탄다
【’19Xmas】普通のケーキ,【’19Xmas】평범한 케이크
【’19Xmas】世界の謎100選,【’19Xmas】세계의 수수께끼 100선
【’19Xmas】あさひ・強力磁石,【’19Xmas】아사히・강력 자석
【芹沢 あさひ】2020バレンタインコミュ,【세리자와 아사히】2020 발렌타인 커뮤
ハートフル・フェアリーテイル,하트풀・페어리 테일
ワンダフルドリーミィデイズ,원더풀 드리밍 데이즈
台本通りの茶番劇,대본 대로의 희극
諦めたくないものはひとつだけ,포기하고 싶지 않은 건 한 가지 뿐
さあ、幕を上げましょう！,"자, 막을 올리자!"
ウェイト・イン・ザ・ウイング,웨이트・인・더・윙
見えなかった景色,볼 수 없었던 풍경
まるで陳腐なハッピーエンド！,그야말로 진부한 해피엔딩!
喫茶 舞台裏で会いましょう,"차 한 잔, 무대 뒤에서 만나요"
【黛 冬優子】 誕生日ミニコミュ①,【마유즈미 후유코】생일 미니 커뮤①
【’19Xmas】アニメマスコット(地方限定),【’19Xmas】애니메이션 마스코트(지방 한정)
【’19Xmas】仕事の企画書,【’19Xmas】일 기획서
【’19Xmas】冬優子・ダサセーター……？,【’19Xmas】후유코・어글리 스웨터……?
【黛 冬優子】2020バレンタインコミュ,【마유즈미 후유코】2020 발렌타인 커뮤
ゲーノー人、ハンパない,"연예인, 끝내준다"
向いている？それとも,잘 어울려? 아니면
そういえば、そうだった,"그러고 보니, 그랬었지"
ぶつかってみるしか,부딪쳐 보는 수 밖에
乗り越える,극복하다
どーかな？,어떠려나?
ここまで来れたんだし,여기까지 오기도 했고
ハンパないのって,끝내준다는 것
どーだ！！！！！！,어떠냐!!!!!!
【和泉 愛依】 誕生日ミニコミュ①,【이즈미 메이】생일 미니 커뮤①
【’19Xmas】クレープ,【’19Xmas】크레페
【’19Xmas】遊園地チケット,【’19Xmas】유원지 티켓
【’19Xmas】緊張しないための本,【’19Xmas】긴장하지 않기 위한 책
【’19Xmas】愛依・タピオカミルクティー,【’19Xmas】메이・타피오카 밀크티
【和泉 愛依】2020バレンタインコミュ,【이즈미 메이】2020 발렌타인 커뮤
ほわほわアイドル,포근포근 아이돌
真乃ならできる,마노라면 할 수 있어
成長の証,성장의 증거
いつかの気持ち,어느 때의 마음
ずっと続く夢の先へ,계속 이어지는 꿈의 저편으로
秋香る,가을향이 나다
響くやわらか,울려퍼지는 부드러움
空の下,하늘 아래
染まる景色に,물드는 풍경에
薫る秋,향기로운 가을
君のことを教えてほしい,너를 알려주길 바라
支えていきたい,지탱해 나가고 싶어
幸福に満ちる,행복에 가득 차다
かつて夢見た眩しい姿,일찍이 꿈꿨던 눈부신 모습
歩む先には理想の自分,나아가는 곳에 있는 이상적인 자신
備えあれば……？,유비무환……?
『楽しむ』ということ,『즐긴다』는 것
ご褒美はリポートの後で,상은 리포트 후에
無邪気な結晶,순진무구한 결정
心のアルバムの隣に,마음의 앨범 곁에
言ってみたい、でも……,"말해보고 싶어, 하지만……"
止めておけばよかったのに,그치면 좋을 텐데
秘密ってむずかしい,비밀이란 건 어려워
嘘に乗せた、本当の,"거짓말에 담은, 진심"
進んで振り向く道の先,나아가 뒤돌아본 길의 저편
ひとり,홀로
せんり,천리
ひおり,히오리
あかり,증거
ふたり,둘
めぐる、大活躍！,"메구루, 대활약!"
止まらない着信音,멈추지 않는 벨소리
仲直りの仕方,화해하는 방법
本当の自分と特別な人,진정한 자신과 특별한 사람
きみのための翼,너를 위한 날개
カラフルサマー,컬러풀 서머
太陽のしずく,태양의 물방울
それはまだ純白な,그것은 아직 새하얀
淹れたてコーヒー,갓 내린 커피
なんでもない日の星空,아무것도 아닌 날의 별하늘
光が落ちてくる,빛이 떨어져
夏の音が聴こえる,여름 소리가 들려
ワレワレは暑さに弱い,우리는 더위에 약하다
シェア＆ハッピー！,셰어 & 해피!
なんでもない日の夏空,아무것도 아닌 날의 여름 하늘
お腹空いたぁ～……,배고프다~……
残念お弁当（泣）,유감 도시락(눈물)
リベンジごはん！！！！！,리벤지 식사!!!!!
し・あ・わ・せ♡サンドイッチ,행・복♡샌드위치
おかえり～！,어서 와~!
大トロ一丁待っとって～,대뱃살 한 판 기다려라잉~
あけおめするけん待っとって～,새해 인사 할 텡게 기다려라잉~
おみくじするけん待っとって～,점 칠 텡게 기다려라잉~
福袋するけん待っとって～,복주머니 할 텡게 기다려라잉~
待った～？,기다렸어~?
きた～？,왔어~?
くる～？,와~?
とる～？,찍어~?
ふむ～？,흠~?
きた～～！,왔다~~!
新境地との遭遇,신경지와의 조우
決戦はアフター９,결선은 애프터 9
I Feel Free,I Feel Free
勘違いしてたみたいだ,착각하고 있었나봐
My sugary heart,My Sugary Heart
君とパラレル,그대와 패러렐
イナーシア,이너시아
mmm,mmm
微・妙・ジェネレーション,미・묘・제네레이션
イナーシア（Reprise）,이너시아 (Reprise)
ソング・オブ・ザ・ベル,송 오브 더 벨
シンコペイテッド・クロック,싱코페이티드 클록
Sleigh Ride,Sleigh Ride
タイプ・ライター,타입 라이터
"Plink, Plank, Plunk!","Plink, Plank, Plunk!"
スクールライフ・満喫中,스쿨 라이프 만끽중
コーヒーブレイク・甘さ控えめ,커피 브레이크・달지 않게
ひとりぼっちの21時,혼자 보내는 21시
ふたりで超える境界線,둘이서 넘는 경계선
宝箱の鍵は、いつかアナタが,"보물상자 열쇠는, 언젠가 당신이"
ひとつも漏らさず聞いていて,하나도 빼놓지 말고 듣고 있어
モイライは斯く語りき,모이라이는 이와 같이 말했다
笑顔のためのエトセトラ,웃는 얼굴을 위한 엣 세트라
カシャッ,찰칵
36.2℃に触れて,36.2℃를 건드리며
例えばそんなパラレル・ワールド,예를 들면 그런 패러렐 월드
……なんて、昔話,"……그런 건, 옛날 이야기"
その道の先で待っている,저 길 끝에서 기다리고 있어
例えばこんなパラレル・ワールド,예를 들면 이런 패러렐 월드
平行線上のスタッカート,평행선상의 스타카토
境界線を知りたくて,경계선을 알고 싶어서
消したい、もしくは覚えていたい,"지우고 싶어, 혹은 기억하고 싶어"
予防線なら十分,예방선이면 충분
なんて優しくてずるい人！,이 얼마나 착하고 치사한 사람!
装う暇なんてないくらいに,치장할 틈이 없을 정도로
じゃあ消しちゃう♡,그럼 지워줄까♡
勘違いじゃつまらないでしょう？,착각이라면 재미없지?
さぁ！　ふたりで悪だくみを！,자! 둘이서 나쁜 짓을!
私だけは見逃してあげるから,나만은 눈감아 줄 테니까
だから守って、踏み込んで,"그러니 멈춰서줘, 다가와줘"
あめです,비가 와요
きこえる,들려
ねずみさんの一家,쥐씨네 가족
ほしをひとまわり,별을 한 바퀴
糸とこえ,실과 목소리
われたよ,깨졌어
しろいとこどこだ,흰 곳은 어딜까
クジラさんとメダカさん,고래씨와 송사리씨
まちぼうけ,하염없는 기다림
でんごん,전언
夜がいっぱい,밤이 가득
日曜日の,일요일의
音がします,소리가 들려요
坂道,비탈길
銀の包み紙,은색 포장지
いこうね,가자
すごろく,주사위 놀이
はじめましょう,시작합시다
なかみ,내용물
家族写真,가족사진
頼れる先生！,의지할 수 있는 선생님!
にぎやかごはん,떠들썩한 식사
リコーダーガール,리코더 걸
夕焼けクッキー,저녁놀 쿠키
色とりどりの日々,형형색색의 나날
びしょ濡れ！？事務所は水の中,흠뻑 젖어!? 사무소는 물 속
ぴかぴか！お掃除大作戦,반짝반짝! 청소 대작전
完璧！頼れる武器はお仕事手帳,완벽! 믿을만한 무기는 업무수첩
声よ届け！勇気と元気が今ここに,목소리여 닿아라! 용기와 힘이 지금 여기에
シャボン玉、空へ,"비눗방울, 하늘에"
君は誰かにとっての太陽,너는 누군가의 태양
ビーチグラスは食べれない！,바다유리는 못 먹어!
それはあの日君と見た色,그것은 어느 날 너와 본 색
必聴！ヒミツのウラワザ３選,꼭 들을 것! 비밀의 비법 3선
この５連は君のまごころ,이 5줄은 너의 성심
漆黒の中にあるもの,칠흑 속에 있는 것
深紅が導く先にある答え,진홍색이 인도한 끝에 있는 대답
純白を纏うあの子は微笑う,순백을 두른 그 아이는 미소짓는다
紺碧のペンは軽やかに綴る,검푸른 펜은 가볍게 써내린다
極彩色の世界,극채색의 세계
階段・段差・縮まる差,계단・단차・줄어드는 차이
手袋つないで,장갑을 끼고
ふくれたほっぺは甘さの証,볼록해진 뺨은 달콤함의 증거
走れ、届け、どうか　どうか,"달려라, 전해져라, 제발 제발"
一歩分だけ待っていて,한 걸음만 기다리고 있어
＃スイートシガレット,#스위트시거렛
＃ザッハートルテ,#자허토르테
＃ボンボン・ショコラ,#봉봉・쇼콜라
＃ホットチョコレート,#핫초콜릿
ち・よ・こ・れ・い・と,치・요・코・레・에・엣
夢と憧れを追いかけていた,꿈과 동경을 쫓고 있었어
バイバイ、そしてはじめまして,"바이바이, 그리고 처음 뵙겠습니다"
大好きなクライマックスへ,정말 좋아하는 클라이맥스로
ここから、『私』のアイドル,"지금부터, 『나』의 아이돌"
Treat and Treat ♡,Treat and Treat ♡
アイドル・スマイル～樹里の場合,아이돌 스마일 ~ 쥬리의 경우
不機嫌なサマーラムネ,언짢은 서머 라무네
カフェ・コンフュージョン,카페・컨퓨전
痛みの残り香,아픔의 잔향
You're my dream,You're my dream
ジェム・ストーン～樹里の場合,젬 스톤 ~ 쥬리의 경우
アタシジャストナウ,나는 저스트 나우
「最初から、あったんだ」,"「처음부터, 있었어」"
Sweet!Sweet!Runaway!,Sweet!Sweet!Runaway!
甘酸リフレクション,단맛 리플렉션
drawing1（きみがそら）,drawing1 (네가 하늘)
drawing2（まどひあか）,drawing2 (헤매는 붉음)
drawing3（かつぷめん）,drawing3 (컵라면)
drawing4（かんかんかん）,drawing4 (땡땡땡)
たちきれぬ,끊을 수 없다
こひめ -kohime-,소녀 -kohime-
くもらす -kumorasu-,슬프게 숙인 얼굴 -kumorasu-
ひためん -hitamen-,맨얼굴 -hitamen-
しゅら -syura-,수라 -syura-
序破急 -jo ha kyu-,서파급 -jo ha kyu-
A1.君とabc（R.Morino）,A1.그대와 abc (R.Morino)
A2.恋は何色（R.Morino）,A2.사랑은 무슨 색 (R.Morino)
B1.マドリガル（R.Morino）,B1.마드리갈 (R.Morino)
B2.人の気も知らないで（Inst）,B2.남의 속도 모르고 (Inst)
R&P,R&P
紅の踊り子の主題・序,진홍빛 무희의 주제・서곡
夜、と呼べばはいと言ふ,"밤, 이라고 부르면 네라고 말한다"
紅の踊り子の主題・変,진홍빛 무희의 주제・변주
歳末些事,연말쇄사
紅の踊り子の主題・跋,진홍빛 무희의 주제・종장
イマジネーション！,이매지네이션!
煌めきの魔法,반짝이는 마법
朝を駆け抜けて,아침을 달려 나가서
15時のアラカルト,15시의 아라카르트
Over The Rainbow,Over The Rainbow
（Mon.）ありふれた日々のこと,(Mon.) 매우 흔한 나날의 일
（Tue.）たいせつなこと,(Tue.) 소중한 것
（Wed.）よくあること,(Wed.) 자주 있는 일
（Thu.）ほんとうのこと,(Thu.) 진정한 것
（Fri.）私をつくる日々のこと,(Fri.) 나를 만드는 나날의 일
Alarm bell,Alarm bell
Dumbbell,Dumbbell
Wedding bell,Wedding bell
Chime bell,Chime bell
Twinkle a bell,Twinkle a bell
Sweet with S,Sweet with S
Lesson and gift,Lesson and gift
For the shining,For the shining
Heart Beat,Heart Beat
Sweet with U,Sweet with U
Prepared before,Prepared before
Cleaning with me !,Cleaning with me !
Care of yourself,Care of yourself
Aquarium white,Aquarium white
To the future A,To the future A
A's unhappy,A's unhappy
warMing heart for f,warMing heart for f
dAte with T ☆,dAte with T ☆
warmiNg heart for …,warmiNg heart for …
A's happy with …,A's happy with …
『Have a fever ?』,『Have a fever ?』
『Sorry have a fever』,『Sorry have a fever』
『Take care of you』,『Take care of you』
『Thank you A』,『Thank you A』
『『I appreciate your…』』,『『I appreciate your…』』
Summer Memorial,Summer Memorial
Night Flower,Night Flower
Sweet Detour,Sweet Detour
Slow Pace,Slow Pace
Wonderful World,Wonderful World
連載第１回『ゲーム』,연재 제 1편 『게임』
連載第２回『ソフトクリーム』,연재 제 2편 『소프트 아이스크림』
連載第５回『デビ太郎』,연재 제 5편 『데비타로』
連載最終回『ふたご座』,연재 최종편 『쌍둥이자리』
番外編『and more...』,번외편 『and more...』
I am a DOLL,I am a DOLL
I am…,I am…
Who am I?,Who am I?
You are my…,You are my…
I am IDOL,I am IDOL
スター・トゥナイト,스타・투나잇
♡・ネムレナイト,♡・잠들 수 없나잇
グッド・ナイト,굿・나잇
パーティ・ナイト,파티・나잇
ミッドナイト・♡,미드나잇・♡
雨降りア・ラ・モード,비내리는 아・라・모・드
たとえば花の名前を知るように,예를 들어 꽃의 이름을 아는 것처럼
ロマンチック・ジャーニー,로맨틱 저니
15 minutes/two of us,15 minutes/two of us
そっと　きっと……,살며시 분명히……
a little thing,a little thing
ピリリ・15センチメンタル,삐리리・15센티멘탈
いつかの憧れから連れ出して,어느날의 동경에서 데리고 나와서
シークレット・ガーデン,시크릿 가든
金曜日には幸せの花を,금요일에는 행복의 꽃을
（筆談）,(필담)
春なんだなぁ,봄이구나
ビッグマウス×２,빅 마우스×2
お返事なんてそんな,답장이라니 그런
走り出したいの、３月,"달려나가고 싶어, 3월"
他人の読み物、気になるもの,"다른 사람의 읽을거리, 마음에 걸리는 것"
説明するは難し,설명하기엔 어려워
その手に掴むは,그 손에 잡히는 것은
舞台は自ら助くるものを助く,무대는 스스로 돕는 자를 돕는다
わたしの目、貴方の目,"나의 눈, 당신의 눈"
（基地、なんだろうなぁ）,"(기지, 뭘까)"
（修学旅行みたいだ）,(수학여행 같아)
（見えるよ）,(보여)
（合掌。いただきます）,(합장. 잘 먹겠습니다)
（見つけような）,(찾은 것만 같은)
小悪魔♡テンプテーション,소악마♡템테이션
#EGOIST,#EGOIST
ハンド♡イン♡ハンド,핸드♡인♡핸드
静寂の頃はまだ遠く,정적의 때는 아직 멀고
今、ここにある光の色は,"지금, 여기에 있는 빛의 색깔은"
予定が～～～！！,예정이~~~!!
カタカナむずい～,가타카나 어려워~
びっくりした？,놀랐어?
びっくりしたっしょ？,놀랐지?
ガブッといくね♪,덥석 할게♪
ショッピング日和,쇼핑하기 좋은 날
自然とはずむ心,자연스레 흔들리는 마음
感謝を形に,감사를 형태로
想いが重なる瞬間,생각이 겹치는 순간
お腹が……,배가……
癒して、癒されて,"치유하고, 치유받고"
しばしお別れ、しかしすぐに,"잠시 이별, 하지만 곧"
迎春の巡り逢い,새해 맞이에서의 우연한 만남
あのときの願い,그때의 소원
まだ、かたく,"아직은, 어려운"
春へ、浮かされて,"봄을 향해, 들뜬 채로"
ほころびる,피기 시작하다
徹底した姿勢,철저한 자세
バランスに気を付けて,밸런스에 주의해서
逆転する立場,역전되는 입장
足下にご用心,발밑 조심
暖かさと……心の距離と……,따뜻함과…… 마음의 거리와……
思い描くのは……？,마음에 그리는 것은……?
見えていますか,보이시나요
落　ち　　　る,떨 어　 진 　 다
そして標となる,그리고 증표가 된다
リミットは日が沈むまで,리미트는 해가 질 때까지
唇に、透明な歌,"입술에, 투명한 노래"
ON:消失のクライシス,ON:소실된 크라이시스
OFF:その甘さは時をかける,OFF:그 달콤함은 시간이 걸린다
YOU:おやすみと星が瞬くように,YOU:잘 자라고 별이 반짝이듯이
異邦の青、浮遊する,"이방의 푸른색, 부유하다"
同調の水、されど,"동조하는 물, 하지만"
無重力のウテナ,무중력의 꽃받침
永久を望むの？,영구함을 바라니?
いつかの未来へ,언젠가의 미래로
うちんすごか腕前,나가 굉장한 솜씨
長崎よかとこ,나가사키는 좋은 곳
いつか帰る日,언젠가 돌아올 날
月の話～,달 얘기~
音楽の話～,음악 얘기~
電話の話～,전화 얘기~
Dまいなぁ～せぶん、の感じ～,"D 마이너~전부, 라는 느낌~"
Gで～Aで～D～！！！,G 하고~A 하고~D~!!!
摩美々・夜明け前,마미미・동 트기 전
摩美々・シュガートラップ,마미미・슈가 트랩
まみみ・悪い子ですから,마미미・나쁜 아이니까요
まだ知らない one side,아직 알 수 없는 one side
Purple Haze,Purple Haze
近道したい,지름길로 가고 싶어
道の途中でつかまえて,길 도중에서 붙잡아서
遠回りをしよう,멀리 돌아가자
うれしいおすしやさん,기쁜 초밥집
やさしいラーメンやさん,다정한 라면집
レッツ・ファン・サービス,레츠 팬 서비스
どう見えた？,어떻게 보였어?
２人の時間,두 사람의 시간
rabbits,rabbits
『私の××な人』,『나의 ××한 사람』
たとえば世界を白に染めるように,예를 들어 세상을 흰색으로 물들이듯이
たとえば世界が黒に染まろうとも,예를 들어 세상이 검정으로 물든다 해도
七色メガネ,일곱색깔 안경
隠したものに触れる人,감춰둔 것에 닿는 사람
あの日、幸せが約束されたの,"그 날, 행복이 약속된 거야"
はなまる飴模様,참 잘했어요 사탕무늬
いつもより高く傘を持って,평소보다 높게 우산을 들고
てるてる坊主がくるりと回る,테루테루보즈가 빙글 돌다
ねぇ、あなただけが知っていて,"있죠, 당신만이 알고 있어요"
The Q of ♡ はなぜここに？,The Q of ♡ 는 어째서 여기에?
お手当てします,치료해드릴게요
お世話します,돌봐드릴게요
おまじないです,주문이에요
どなたですか,누구세요
もしもし,여보세요
うさぎさんとうさぎさん,토끼씨와 토끼씨
寒い日,추운 날
エビさん,새우씨
そこにいますか、雪,"거기 있나요, 눈"
おひさまと布,햇님과 천
帰りましょう,돌아가요
子犬みたいな女の子,강아지 같은 여자아이
小さな体に眠る熱,작은 몸에 잠들어있는 열
Dear my HERO,Dear my HERO
アツアツ♡クッキー,따끈따끈♡쿠키
きらきら☆金メダル,반짝반짝☆금메달
判明！ふたりの相違点,판명! 두 사람의 차이점
マイトリック　ユアトリック,마이 트릭 유어 트릭
発見！ふたりの共通点,발견! 두 사람의 공통점
ダイブトゥヒーローワールド！,다이브 투 히어로 월드!
ミーツインドリーム,미츠 인 드림
デリシャス♡ホリデイ,딜리셔스♡홀리데이
リトル♡フォルテシモ,리틀♡포르티시모
ハッピー♡チョコレート,해피♡초콜릿
おすそ分けの理由は,나누어 주는 이유는
★に誓って！,★에 맹세코!
もしも・classmate,어쩌면・classmate
まさに・friend,정말로・friend
いつだって・partner,언제든지・partner
キューティー・バッドガール？,큐티・배드걸?
マイ・スタイル,마이・스마일
サムデイ・マイ・ハート……,섬데이・마이・하트
初心・フォー・ユー,초심・포・유
逆転サプライズ,역전 서프라이즈
アフタースクール・ゲーム,애프터스쿨・게임
ファストスタート･マイ･マインド,패스트스타트・마이・마인드
ハート・コミュニケーション,하트・커뮤니케이션
想いぬれど,떠올렸지만
雨宿り,비를 그음
これからのふたり,앞으로의 두 사람
とことはに,영원히
みをつくし,정성을 다해
出来心,충동
ふらここ,그네
はちぶく,하치부쿠
一石二鳥,일석이조
息抜きショッピング,숨돌리기 쇼핑
さらなる高みへ,더 높은 곳으로
エヴリ・Buddy！,에브리・Buddy!
ユー・アー・マイPuppy！,유・어・마이 Puppy!
アー・ユー・Lady？,아・유・Lady?
choice to …,choice to …
まじめショッピング,진지한 쇼핑
Sweet shopping,Sweet shopping
思い出しちゃったかも……,생각나버린 건지도……
一緒にパシャリ☆だよ,같이 찰칵☆이야
見つけてほしいなっ☆,찾아줬음 좋겠다☆
あーあ……雨……,아~아…… 비……
あ！　雨☆,아! 비☆
安心してね……！,안심해……!
寂しく……,쓸쓸히……
だらだらまったり,축 늘어짐
たまにはおでかけ,가끔은 외출
一人では行けない場所へ,혼자서는 갈 수 없는 장소로
スプラッシュ・スマイル！,스플래시・스마일!
シャッターチャンス、何度でも,"셔터 찬스, 몇 번이라도"
銀盤の止まり木,은반의 홰
きがかり→ぬくもり→おもいやり,마음씨→온기→배려
寒い日ぬくぬく、だらだら日和,"추운 날 따끈따끈, 늘어지기 좋은 날"
いつも通りの色彩,여느 때와 같은 색채
茜色、染まる海,"진홍빛, 물드는 바다"
桃色、染まる頬,"연분홍빛, 물드는 뺨"
待ってて,기다려줘
待ってた,기다렸어
マイ・フェイバリット・シングス,마이・페이버릿・씽즈
プライベート・タイム,프라이빗・타임
幸せはコーヒーの形をして,행복은 커피 형태를 하고
A MEMORY～ある夏の出来事,A MEMORY~어느 여름에 생긴 일
SOMETHING NEW,SOMETHING NEW
月明りの下で眠る人,달빛 아래에서 잠든 사람
乾杯・小夜曲,건배・세레나데
ピース・オブ・ショートケイク,피스・오브・쇼트케이크
flowering,flowering
a flower,a flower
あさひ流、街の歩き方,"아사히류, 거리 걸음법"
あなたにはどう見えた？,당신에게는 어떻게 보였어?
そこにいてくれるからこそ,거기에 있어주기 때문에
ふとした場所にも興味の種,우연한 장소에도 흥미거리
眠りて叶いし,잠으로 소원 성취
やる気の在庫には限りがあります,의욕의 재고에는 한도가 있습니다
店舗付近での交換はご遠慮下さい,점포 부근에서는 교환이 불가합니다
暗闇の中でも見つけてくれたから,어둠 속에서도 찾아줬으니까
ラピス・ラズリは空の下,라피스 라즐리는 하늘 아래
イーグル・アイは唄わない,이글 아이는 노래하지 않아
マジ詰んでるし,리얼 막혔어
色落ちとかないわ～,물빠짐 같은 거 없어~
速攻っしょ！,속공이지!
レシーブっ！,리시브!
今のうち？,지금의 나?
始まりのステップ,시작 스텝
特訓の成果,특훈의 성과
輝き始めた３人,빛나기 시작한 세 사람
３人で、手をつないで,"셋이서, 손을 잡고"
夏と言えば……,여름 하면……
サマータイム！,서머타임!
色褪せないもの,빛이 바래지 않는 것
プールインサイド,풀 인사이드
ほんの少しのアドベンチャー,아주 잠깐의 어드벤처
ハッピーアイスクリーム,해피 아이스크림
心はずむパーティーグッズ,마음 설레이는 파티 굿즈
希望の数字,희망하는 숫자
ぽかぽかの秘密,따끈따끈한 비밀
冬のとおり道,겨울에 지나는 길
一緒に行けたなら,함께 갈 수 있다면
きっと、なによりも輝いて,분명 무엇보다도 빛나고
お　い　し　い,맛 있 어
期限切れにご注意を,기한만료에 주의
みっつステップ,세 개의 스텝
不安と安心と,불안과 안심과
幸運の彩りを繋いで,행운의 색채를 이어서
お返しには甘さを添えて,답례에는 달콤함을 곁들여서
取りたい満点,받고 싶어 만점
Q＆A・トレイン,Q&A・트레인
ミルクティーの体温,밀크티의 체온
今の私ができること,지금의 내가 할 수 있는 것
青い短冊に願いごと,푸른 탄자쿠에 비는 것
桜黄の星に願うこと,분홍노랑별에게 바라는 것
気付かないはずがない,알아채지 못할 리가 없어
気付いてほしい,알아차렸으면 좋겠어
そのこころを,그 마음을
空想トリップ,공상 트립
憧憬プランニング,동경 플래닝
星空ステージ,별하늘 스테이지
夢想スターダム,몽상 스타덤
"Whisper, Whisper","Whisper, Whisper"
（...hug you）,(...hug you)
Hallowed world,Hallowed world
気付きませんように,눈치채지 못하길
気付いていたの,눈치채고 있었어
そのこころは,그 마음은
たいようのしずく,태양의 물방울
よみちのみちしるべ,밤길의 길잡이
それはもうきらきらな,그것은 이미 반짝반짝한
仲良きことは,사이가 좋다는 것은
原宿系のアンティーカ,하라주쿠계열 안티카
みんなで遊びに行きたか！,다 같이 놀러가고 싶어야!
レッツカラオケ,레츠 노래방
罪ば～い,저질렀어~
咲耶と～♡,사쿠야랑~♡
カットもば～りばり,컷도 겁~나겁나
する！,난다!
setup:オーディオコメンタリー1,setup:오디오 코멘터리 1
特典映像：NGシーン集,특전영상:NG씬 모음
わくわく♡,두근두근♡
ゆ～わく♡,유혹♡
おこのみで♡,취향껏♡
シンフォニック・フィルム,심포닉・필름
A PIECE OF……,A PIECE OF……
差し伸べられた、その手には。,"내밀어진, 그 손에는"
DECORATION,DECORATION
マシ マシ,100% 100%
まみみおきない,마미미 안 일어나
いざ、尋常に闇鍋,"자, 정정당당히 암흑전골"
220時間30分,220시간 30분
君の門にも,네 문에도
テイクオフ！,테이크오프!
#あけまみみ,#새해복마미미
#おやすみみ,#잘자마미미
#まみみみみ,#마미미미미
鮮やかなる指先,선명한 손끝
小さな色どり,자그마한 색채
欠けない思い出,떨어뜨릴 수 없는 추억
表現の方法,표현 방법
花を飾るキミと,꽃을 장식하는 너와
キミのために選ぶ花,너를 위해 고르는 꽃
キミの心が曇らぬように,너의 마음이 흐려지지 않도록
キミのためにこの花を,너를 위해 이 꽃을
月の裏側,달의 뒷면
尾花の憂鬱,참억새의 우울
饗宴のあとで,향연 후에
お姫様はワガママに,공주님은 어리광쟁이
お姫様はアンニュイに,공주님은 앙뉘하게
お姫様は誰？,공주님은 누구?
気づいてくれてありがと、なんて,"알아봐줘서 고마워, 막 이러고"
そう言ってくれるなら,그렇게 말해준다면
それはきっと,그것은 분명
私の大切な……,나의 소중한......
即興劇『ケーキ泥棒の末路』,즉흥극『케이크 도둑의 말로』
ごっこ遊び『遭難中の山小屋』,역할놀이『조난 중의 산장』
引っかけ合戦『言っちゃダメ』,지략전『말하면 안돼』
まんざらでもない,아주 마음에 없진 않았어
後できっと寂しくなっちゃう,나중엔 분명 쓸쓸해져 버려
これは、なかったはずの会話,"이것은, 존재하지 않았을 회화"
人はなぜプレゼントを贈るのか,사람은 어째서 선물을 주는가
贈る、送る,"주고, 보내다"
どうぞ、知っていてね,"부디, 알고 있어줘"
霧,안개
綺,기묘
戯,놀이
帰,귀환
いっぱいのかけ蕎麦,한 그릇의 카케소바
開けまして,새해 복 많이
三峰結華,미츠미네 유이카
ヒーローはかっこいい！,히어로는 멋있어!
正義は勝つ,정의는 이긴다
果穂はヒーロー！,카호는 히어로!
放課後クライマックスレンジャー,방과후 클라이맥스 레인저
あたしたちの海の家,우리들의 바다의 집
出撃！クライマックス号,출격! 클라이맥스호
拝啓、12ヶ月後のあたしたち,"삼가 아룁니다, 12개월 후의 우리들"
恐怖は心を縮めるらしい,공포는 마음을 움츠러트리는 것 같아
肝試し・延長戦,담력시험・연장전
暗がり事務所で大冒険？,어두운 사무소에서 대모험?
その幽霊さんは大切な友達です,그 유령씨는 소중한 친구예요
花より団子、桜より餅,"꽃보다 경단, 벚꽃보다 떡"
桜色ショッピング,연분홍색 쇼핑
チョコは万能……？,초콜릿은 만능……?
お花見の代わりに,꽃놀이 대신에
──不良！？,──불량!?
応えないのは嘘になるでしょ？,응하지 않으면 거짓말이 되겠지?
『ちよカメ』スタートです！,『쵸카메』 스타트예요!
おとぎ話には誘われない,동화에는 넘어가지 않아
放っておいたら２時間はカタい,놔두면 2시간은 거뜬해
定番は外しました,정석을 벗어났습니다
フローズン・ヒート！,프로즌・히트!
だってあの雲は,하지만 저 구름은
どしゃ降り・サマーガールズ,억수같이 내리는・서머 걸즈
グッパージャス！！！！！,구 파 져스!!!!!
グー・チーム,굿・팀
３、２、１──……,"3, 2, 1……"
今日は寄り道しないで,오늘은 딴 길로 새지 않고
アタシたちは、こう,"우린, 이래"
色褪せるからキレイ,색이 바래서 예뻐
初体験,첫 체험
すきなのは？,좋아하는 건?
初めまして,처음 뵙겠습니다
大切なもの,소중한 것
凛世夕町物語・上,린제 저녁의 거리 이야기・상
凛世夕町物語・中,린제 저녁의 거리 이야기・중
凛世夕町物語・下,린제 저녁의 거리 이야기・하
沖もいいけど磯もいいねガールズ,바다도 좋지만 해변도 좋네 걸즈
夕陽が沈む瞬間を見逃すガールズ,석양이 지는 순간을 놓칠 수 없어 걸즈
だんだん空色が濃くなるガールズ,점점 하늘빛이 짙어져 걸즈
専属トレーナー誕生！？,전속 트레이너 탄생!?
スパルタトレーニング,스파르타 트레이닝
みんなで運動！,다 같이 운동!
現れる成果,나타나는 성과
楽しみな合宿,기대되는 합숙
新鮮な学校体験,신선한 학교 체험
負けられない戦い,질 수 없는 싸움
挑戦あるのみ,도전만이 있을 뿐
#followme,#followme
☆☆☆ メゾンドナツハ,☆☆☆ 메종 드 나츠하
¥10 やくそく,¥10 약속
［特集］放課後の時間…p.011,[특집] 방과 후의 시간…p.011
星読みホロスコープ…p.111,별읽기 홀로스코프…p.111
きみと思い出の…p.001,너와 추억의…p.001
今から楽しみだねっ☆,벌써부터 기대되네☆
めっちゃ満喫しちゃお！,엄청 만끽하자!
夜更かしするんだからっ,밤샐 거니까
どんなのだろうな～,어떤 걸까~
食べちゃいたいっ☆,먹어버리고 싶어☆
みんなで考えよう！,다 같이 생각해 보자!
夢中になっちゃった！,따뜻하다……
あったかいな……,
ハッピー、借りるね,"해피, 빌릴게"
茶席にて,다도실에서
俳句で遊び,하이쿠 놀이
桜咲く,벚꽃 피다
ファッショナブル・チャレンジ,패셔너블・챌린지
試着室ファッションショー,피팅룸 패션쇼
ほっと一息、甜花の気持ち,"휴우 하고 한숨, 텐카의 마음"
甜花的ビフォーアフター,텐카식 비포 애프터
まどろみの昼下がり,졸음의 한낮
メイクアップはお任せで,메이크업은 맡겨줘
不器用な努力,서투른 노력
『お疲れ様』,『수고했어』
重なる願い、３人分。,"겹치는 소원, 3인분."
甘い幸せ、３人前。,"달콤한 행복, 3인분."
扇に梅、花車の蝶、重ね熨斗と桜,"부채에 매화, 수레의 나비, 자두와 벚꽃 겹침"
とおくでひかるおほしさま,멀리서 빛나는 별님
くらくてみえないおほしさま,어두워서 보이지 않는 별님
きらきらひかるおそらのほしよ,반짝반짝 빛나는 하늘의 별이여
オデカケ・シマショウ,외출・합시다
アメアメ・フレフレ,비가비가・주륵주륵
ワタシ・タチハ・ドコマデモ,우리・들은・어디든지
千雪におまかせ♪,치유키에게 맡겨♪
材料を買いましょう♪,재료를 삽시다♪
世界にひとつだけ♪,세상에 하나뿐♪
3匹のクマさん♪,세 마리의 곰돌이♪
トーキング・トースト,토킹・토스트
事務所の中のピクニック,사무소 안에서의 피크닉
ときめきモーニング,두근대는 모닝
食べちゃうから、全部,"먹어버릴 거니까, 전부"
卒業,졸업
ひっくり返して生きていく,거꾸로 뒤집어서 살아가다
クリスマス、どう過ごします？,"크리스마스, 어떻게 보내세요?"
『いい顔』探求,『좋은 얼굴』 탐구
ポストまでは何メートル？,우체통까지는 몇 미터?
雨音に足音、声は掻き消え,"빗소리에 발소리, 목소리는 사라지고"
雪解けの街がやって来る,눈녹은 거리가 찾아오다
晴れ間に歌うは,맑게 갠 사이에 노래하겠어
アイドル私服☆大解剖スペシャル,아이돌 사복☆대해부 스페셜
お連れ様から目を離さないように,일행으로부터 눈을 떼지 않도록
ストレイライト♡おふしょっと,스트레이라이트♡오프 숏
塗られたくない,칠해지고 싶지 않아
塗られないために,칠해지기 않기 위해
塗ってやったわ！,칠해줬어!
＠芹沢あさひ,＠세리자와아사히
＠和泉愛依,＠이즈미메이
＠黛冬優子,＠마유즈미후유코
ロッキュー！,락 유!
ズンチャー！,짠짠~!
シー,쉿
いつ空いてる～？,언제 시간 비어~?
なんにもないけどね～！,아무것도 없지만 말야~!
よかった～！,다행이다~!
公園と約束,공원과 약속
おそろいの気持ち,함께 하는 마음
ふたりの好きなもの,두 사람이 좋아하는 것
天気になぁれ,날씨야 좋아져라
雨でも、晴れでも,"비가 와도, 맑아도"
みんなとお仕事！,모두와 함께 일!
私たちのお仕事,우리들의 일
困難だって超えられる,곤란도 이겨낼 수 있어
めぐるのダンス教室,메구루의 댄스 교실
にぎやかな日常,활기찬 일상
精一杯楽しむために,있는 힘껏 즐기기 위해
忍耐と結果と,인내와 결과와
ひと時のおやすみ,한때의 휴식
夢見る少女のように,꿈꾸는 소녀처럼
鐘が鳴るその時までは……,종이 울리는 그때까지는……
【実況】RPGのススメ Part.14,【실황】RPG 추천 Part.14
振り返ればほら、,"뒤돌아보면, 자,"
にらめっこしましょ,눈싸움해요
３人、一緒がいい,"세 명, 함께가 좋아"
お友達になる方法,친구가 되는 방법
似た者同士と花吹雪,서로 닮은 사람과 흩날리는 꽃잎
春風フレンドシップ,봄바람 프렌드십
きみのためなら,너를 위해서라면
大好きの隣,정말 좋아하는 옆자리
お互い、素直な心で,서로 솔직한 마음으로
パリッとしたい,바삭하게 만들고 싶어
次の春を星たちと待つ,다음 봄을 별들과 기다리다
下から覗くきみのかんばせ,밑에서 들여다보는 너의 얼굴
隣で見つめるきみのゆびさき,옆에서 바라보는 너의 손끝
ミスター♡ほーりーない,미스터♡홀리 나잇
ライツ！ジングル！アクション！,라이트! 징글! 액션!
止マレ～！,멈춰~!
ススメ～！,나아가~!
まだ～？,아직~?
まだまだ～！,아직아직~!
プロデュ……,프로듀……
サ～～～～！,서~~~~!
コーディネート・チャンス,코디네이트・찬스
カラフル・ドール,컬러풀・돌
ライク・ユー,라이크・유
Morning call,Morning call
Coffee cherry,Coffee cherry
And bitterness,And bitterness
雨の中に、見えるもの,"빗속에, 보이는 것"
ふたりきりの、傘の中,"둘만의, 우산 속"
雨やんで、浮かぶ彩,"비가 그치고, 나타나는 모습"
ア・ホール・アナザーワールド,어・홀・어나더 월드
デイズ・イン・ザ・ルナ,데이즈・인・더・루나
光のしずくが落ちる場所,빛의 물방울이 떨어지는 장소
そこは優しくてあたたかい場所,그곳은 다정하고 따뜻한 장소
私だって知らなかったのに,나 스스로도 몰랐는데
今はまだ見えないふりだけど,지금은 아직 보이지 않는 척 하지만
見ていてくれるなら,보고 있어 준다면
イタズラ心も流されて,심술궂은 마음도 흘려보내고
緩めてくれたとわかったから,느슨하게 해준 거 알고 있으니까
setup:オーディオコメンタリー2,setup:오디오 코멘터리 2
かけられちゃったんだ,걸려버렸다
寄り道,돌아서 가는 길
憧れ,동경
霧子の魔法,키리코의 마법
ゆらゆら,흔들흔들
な・つ・お・わ・ら・な・い,여・름・끝・나・지・않・아
みんみん,맴맴
かなかな,저녁매미
おでこの空,이마 속의 하늘
熱がありました,열이 있었어요
雪やこんこ！,눈아 꽁꽁!
ビッグでビックリ雪だるま！,커다랗고 깜짝 놀랄 눈사람!
五紋章よ永遠に,다섯 문장이여 영원하라
にくまん　にくまん,고기만두 고기만두
普通の女子高生？,보통 여고생?
待ってるだけじゃダメ,기다리는 것만으로는 안돼
私について,나에 대해서
イマジナリーサマー,이매지너리 서머
赤→桃のコード,빨강→복숭아의 코드
あったかくしましょう,따뜻해집시다
あったかくなりました！,따뜻해졌어요!
ふたりのサンセット,두 사람의 선셋
意地っ張りyou&me,고집쟁이 you&me
横一列・たどり着いた先の景色,가로 일렬・당도한 곳 저편의 풍경
幸福、それは湯煙に巻かれて……,"행복, 그것은 더운 김에 휩싸여……"
ありったけの土産に気持ち込めて,살 수 있는 만큼의 선물에 마음을 담아서
アタシにできること,내가 할 수 있는 일
いちばん後ろに向かって打て,가장 뒤를 향해 차라
夜もすがら,밤새
朝ぼらけ,새벽녘
夕さりて,저녁 무렵
恋にやすらかなるものなし,사랑에 평안함은 없고
友にをかしからざるものなし,벗에게 빌리지 못할 것은 없으니
義理ぎり問答,아슬아슬한 의리 문답
我知がち訪問,진짜친구의 방문
「そんなこと気にすんのかよ」,「그런 걸 신경 쓰고 있는 거냐고」
「そんなこと気にするの？」,「그런 걸 신경 쓰고 있는 거니?」
熱、夕焼け、君の髪,"열, 노을, 너의 머리카락"
星、吐く息、君のシャツ,"별, 내쉬는 숨, 너의 셔츠"
仲良しの笑顔,사이좋은 웃음
みんな同じ,모두 같아
パッセンジャーマニュアル,패신저 매뉴얼
オートマチックドライブ,오토매틱 드라이브
姉妹の自主レッスン,자매의 자율레슨
Sleeping Face,Sleeping Face
Step by step,Step by step
『いらっしゃいませ☆』,『어서오세요☆』
Summer panic !,Summer panic!
曇り空、私の心,"흐린 하늘, 나의 마음"
冬の日、灯す明,"겨울날, 켜지는 불빛"
あくまのように,악마처럼
あなたのように,당신처럼
アイ・ハブ・ア・フィーリング,아이・해브・어・필링
ア・ラヴリー・デイ,어・러블리・데이
イン・ブルーム,인・블룸
『変わりたい』のRecipe,『바뀌고 싶어』의 Recipe
恋・アレンジ,사랑・어레인지
面白さのみで選ぶは……,재미로만 고르겠어……
波待ちの水面にて,파도를 기다리는 수면에서
トメ　ハネ　雑　だめ,토메 하네 조잡해 안돼
想い、筆に込めて,"마음, 붓에 담아"
私たち次第,우리들 차례
誰のこと？,누구 얘기?
真乃と過ごす休日,마노와 보내는 휴일
もっと仲良くなりたいっ,좀더 친해지고 싶어
ピーちゃんともお友達,피쨩하고도 친구
押してダメなら引いてみろ！,밀어서 안 되면 당겨봐!
おしゃべりの架け橋,수다의 가교 역할
天才ガール、騙される？,"천재걸, 속았다?"
調子が悪い、わけじゃないケド,상태가 나쁜 건 아니지만
料理教室、嫌じゃないケド　,요리교실 싫어하는 건 아니지만
麗しの咲耶お姉様,아름다운 사쿠야 언니
トップモデルに大切なこと,톱모델에게 중요한 것
こころ重なる,마음이 포개지다
見える世界が変わったら……？,보이는 세상이 바뀐다면......?
バンソウコウ・マジック,반창고・매직
BBAOAB,BBAOAB
それぞれのスゴさ,각자의 굉장함
チームメイトと好敵手,팀메이트와 호적수
大人の？ヘア事情！,어른의? 헤어사정
放課後！？マジックタイム！,방과후!? 매직타임!
ビタースイート・レッスンタイム,비터 스위트・레슨타임
隣にあるもの,옆에 있는 것
恋愛いろは,연애의 ABC
恋ぞつもりて,내 연심도 그처럼 쌓여
普段のお嬢様,평상시의 아가씨
履けないヒール,신을 수 없는 힐
スウィート・シスター,스위트・시스터
キュート・フレンズ,큐트・프렌즈
広がる世界,확장되는 세계
幸せのための小さな努力,행복을 위한 작은 노력
スウィート・スリーピー,스위트 슬리피
スウィート・スマイリー,스위트 스마일리
目に入ったら止まらない,눈에 들어오면 멈출 수 없어
真似すべきこと、そうでないこと,"따라해야 하는 것, 그렇지 않은 것"
猫かぶりと不良ごっこ,내숭과 불량배흉내
猫かぶりとハンドケア,내숭과 핸드케어
カンタンに楽しも～,간단하게 즐기자~
マジリスペクト,완전 리스펙트
樋口円香、幼なじみ,"히구치 마도카, 소꿉친구"
小糸ちゃんと雛菜、幼なじみ,"코이토쨩과 히나나, 소꿉친구"
溶ける言葉,녹아버린 말
プリントの手触り,프린트의 촉감
遅刻しちゃうよ,지각해버린다구
忘れ物ポケット,두고 간 물건 포켓
StringTEL,StringTEL
a･la･mode,a･la･mode
これが間違いなんだとしたら,이게 틀렸다고 하면
動点Ｐとの距離を求めよ,동점 P와의 거리를 구하여라
雨の中（二度目の）正解をくれた,빗속에서(두 번째로) 정답을 주었다
答え：アイドル三峰結華,답:아이돌 미츠미네 유이카
……頼ってもいいですか？,……기대도 되겠습니까?
大海原を越える,드넓은 바다를 넘다
蒼穹に憧れて,창궁을 동경하여
電波の海を泳ぐ,전파의 바다를 헤엄치다
透明越しに,투명 너머로
想イ　歌う　エストレーラ,마음을 노래하는 에스트렐라
おかえりなさいませ～？,어서오세요~?
おつかれ～！,수고~!
「　　　　　　　　」,「　　　　　　　　」
おかえりなさいませ～！,어서오세요~!
おやすみ～～～！！！！！,잘 자~~~!!!!!
真心Letters,진심 Letters
レシピ・デ・オセチ,레시피・데・오세치
ドリーム・ゲーム～樹里の場合,드림・게임~쥬리의 경우
オマモリ・オモイヤリ,부적・배려심
真心Presents,진심 Presents
ぺんぎんの歩幅,펭귄의 보폭
かまくらの秘訣,눈집의 비결
ひみつきちの温度,비밀기지의 온도
じゃ〜ん！,짜~안!
わ～ん！,와~앙!
う～ん？,으~응?
え～ん！,에~엥!
あ～～～ん♡,아~~~앙♡
ゆめみるフグさん,꿈꾸는 복어씨
^^,^^
事務所のフグさん,사무소의 복어씨
チョコレートのにおいがする,초콜릿 냄새가 나다
姉さんたち,언니들
ずっと長い時間,매우 긴 시간
